original_row,source,rel,target
14110,Disease::DOID:7693,PRESENTS,Symptom::D007383
14111,Disease::DOID:2994,PRESENTS,Symptom::D021501
14112,Disease::DOID:7148,PRESENTS,Symptom::D010146
14113,Disease::DOID:1319,PRESENTS,Symptom::D013064
14114,Disease::DOID:1324,PRESENTS,Symptom::D003248
14115,Disease::DOID:1612,PRESENTS,Symptom::D059373
14116,Disease::DOID:1192,PRESENTS,Symptom::D009437
14117,Disease::DOID:13499,PRESENTS,Symptom::D006396
14118,Disease::DOID:2994,PRESENTS,Symptom::D004433
14119,Disease::DOID:5559,PRESENTS,Symptom::D006732
14120,Disease::DOID:1595,PRESENTS,Symptom::D053608
14121,Disease::DOID:1024,PRESENTS,Symptom::D012877
14122,Disease::DOID:2596,PRESENTS,Symptom::D004417
14123,Disease::DOID:1319,PRESENTS,Symptom::D000381
14124,Disease::DOID:5419,PRESENTS,Symptom::D011596
14125,Disease::DOID:10534,PRESENTS,Symptom::D006356
14126,Disease::DOID:2377,PRESENTS,Symptom::D006816
14127,Disease::DOID:0060119,PRESENTS,Symptom::D003639
14128,Disease::DOID:784,PRESENTS,Symptom::D054058
14129,Disease::DOID:5419,PRESENTS,Symptom::D000377
14130,Disease::DOID:8850,PRESENTS,Symptom::D005158
14131,Disease::DOID:263,PRESENTS,Symptom::D010148
14132,Disease::DOID:1024,PRESENTS,Symptom::D009133
14133,Disease::DOID:13241,PRESENTS,Symptom::D001750
14134,Disease::DOID:1826,PRESENTS,Symptom::D003655
14135,Disease::DOID:1595,PRESENTS,Symptom::D012893
14136,Disease::DOID:1115,PRESENTS,Symptom::D010264
14137,Disease::DOID:9074,PRESENTS,Symptom::D011693
14138,Disease::DOID:5559,PRESENTS,Symptom::D006469
14139,Disease::DOID:1115,PRESENTS,Symptom::D004417
14140,Disease::DOID:11119,PRESENTS,Symptom::D012021
14141,Disease::DOID:2994,PRESENTS,Symptom::D002637
14142,Disease::DOID:824,PRESENTS,Symptom::D009058
14143,Disease::DOID:3393,PRESENTS,Symptom::D020181
14144,Disease::DOID:4989,PRESENTS,Symptom::D014839
14145,Disease::DOID:2377,PRESENTS,Symptom::D005132
14146,Disease::DOID:1993,PRESENTS,Symptom::D005334
14147,Disease::DOID:0050742,PRESENTS,Symptom::D006930
14148,Disease::DOID:4606,PRESENTS,Symptom::D003085
14149,Disease::DOID:1909,PRESENTS,Symptom::D009325
14150,Disease::DOID:12930,PRESENTS,Symptom::D006319
14151,Disease::DOID:1595,PRESENTS,Symptom::D002389
14152,Disease::DOID:0060119,PRESENTS,Symptom::D006314
14153,Disease::DOID:10652,PRESENTS,Symptom::D000849
14154,Disease::DOID:10534,PRESENTS,Symptom::D056865
14155,Disease::DOID:1324,PRESENTS,Symptom::D007040
14156,Disease::DOID:1725,PRESENTS,Symptom::D003085
14157,Disease::DOID:13241,PRESENTS,Symptom::D014786
14158,Disease::DOID:594,PRESENTS,Symptom::D000472
14159,Disease::DOID:7148,PRESENTS,Symptom::D009133
14160,Disease::DOID:10871,PRESENTS,Symptom::D005130
14161,Disease::DOID:14004,PRESENTS,Symptom::D015746
14162,Disease::DOID:2994,PRESENTS,Symptom::D001259
14163,Disease::DOID:986,PRESENTS,Symptom::D011538
14164,Disease::DOID:263,PRESENTS,Symptom::D000006
14165,Disease::DOID:7693,PRESENTS,Symptom::D002303
14166,Disease::DOID:1826,PRESENTS,Symptom::D004421
14167,Disease::DOID:418,PRESENTS,Symptom::D004417
14168,Disease::DOID:1192,PRESENTS,Symptom::D015875
14169,Disease::DOID:2841,PRESENTS,Symptom::D006985
14170,Disease::DOID:635,PRESENTS,Symptom::D000006
14171,Disease::DOID:2998,PRESENTS,Symptom::D005262
14172,Disease::DOID:1024,PRESENTS,Symptom::D005334
14173,Disease::DOID:1324,PRESENTS,Symptom::D009461
14174,Disease::DOID:4481,PRESENTS,Symptom::D012135
14175,Disease::DOID:2043,PRESENTS,Symptom::D011696
14176,Disease::DOID:10652,PRESENTS,Symptom::D007706
14177,Disease::DOID:8778,PRESENTS,Symptom::D015746
14178,Disease::DOID:6364,PRESENTS,Symptom::D006212
14179,Disease::DOID:1595,PRESENTS,Symptom::D019954
14180,Disease::DOID:7693,PRESENTS,Symptom::D010149
14181,Disease::DOID:12995,PRESENTS,Symptom::D011595
14182,Disease::DOID:12365,PRESENTS,Symptom::D002524
14183,Disease::DOID:585,PRESENTS,Symptom::D053584
14184,Disease::DOID:8986,PRESENTS,Symptom::D009290
14185,Disease::DOID:3083,PRESENTS,Symptom::D006985
14186,Disease::DOID:1115,PRESENTS,Symptom::D010146
14187,Disease::DOID:1909,PRESENTS,Symptom::D005221
14188,Disease::DOID:10941,PRESENTS,Symptom::D012607
14189,Disease::DOID:12930,PRESENTS,Symptom::D002639
14190,Disease::DOID:184,PRESENTS,Symptom::D014786
14191,Disease::DOID:784,PRESENTS,Symptom::D000787
14192,Disease::DOID:418,PRESENTS,Symptom::D005132
14193,Disease::DOID:7148,PRESENTS,Symptom::D005334
14194,Disease::DOID:11934,PRESENTS,Symptom::D046089
14195,Disease::DOID:2994,PRESENTS,Symptom::D001072
14196,Disease::DOID:3565,PRESENTS,Symptom::D006987
14197,Disease::DOID:184,PRESENTS,Symptom::D018908
14198,Disease::DOID:10534,PRESENTS,Symptom::D006606
14199,Disease::DOID:5041,PRESENTS,Symptom::D014840
14200,Disease::DOID:1793,PRESENTS,Symptom::D000860
14201,Disease::DOID:10608,PRESENTS,Symptom::D016553
14202,Disease::DOID:5559,PRESENTS,Symptom::D009207
14203,Disease::DOID:5408,PRESENTS,Symptom::D003128
14204,Disease::DOID:8778,PRESENTS,Symptom::D003967
14205,Disease::DOID:1319,PRESENTS,Symptom::D010291
14206,Disease::DOID:4989,PRESENTS,Symptom::D013746
14207,Disease::DOID:784,PRESENTS,Symptom::D001926
14208,Disease::DOID:3312,PRESENTS,Symptom::D012892
14209,Disease::DOID:3070,PRESENTS,Symptom::D010292
14210,Disease::DOID:10763,PRESENTS,Symptom::D000787
14211,Disease::DOID:12849,PRESENTS,Symptom::D002389
14212,Disease::DOID:10608,PRESENTS,Symptom::D002524
14213,Disease::DOID:1595,PRESENTS,Symptom::D005926
14214,Disease::DOID:10941,PRESENTS,Symptom::D003128
14215,Disease::DOID:2994,PRESENTS,Symptom::D005862
14216,Disease::DOID:14268,PRESENTS,Symptom::D007565
14217,Disease::DOID:8577,PRESENTS,Symptom::D011693
14218,Disease::DOID:12849,PRESENTS,Symptom::D020238
14219,Disease::DOID:12236,PRESENTS,Symptom::D005222
14220,Disease::DOID:13241,PRESENTS,Symptom::D012166
14221,Disease::DOID:9296,PRESENTS,Symptom::D004314
14222,Disease::DOID:11054,PRESENTS,Symptom::D053202
14223,Disease::DOID:1115,PRESENTS,Symptom::D006930
14224,Disease::DOID:13189,PRESENTS,Symptom::D010146
14225,Disease::DOID:1245,PRESENTS,Symptom::D017699
14226,Disease::DOID:11949,PRESENTS,Symptom::D020234
14227,Disease::DOID:11054,PRESENTS,Symptom::D011782
14228,Disease::DOID:3312,PRESENTS,Symptom::D014202
14229,Disease::DOID:1319,PRESENTS,Symptom::D000849
14230,Disease::DOID:418,PRESENTS,Symptom::D018589
14231,Disease::DOID:2998,PRESENTS,Symptom::D006396
14232,Disease::DOID:263,PRESENTS,Symptom::D008607
14233,Disease::DOID:8778,PRESENTS,Symptom::D005335
14234,Disease::DOID:6364,PRESENTS,Symptom::D014839
14235,Disease::DOID:9296,PRESENTS,Symptom::D009058
14236,Disease::DOID:2043,PRESENTS,Symptom::D008607
14237,Disease::DOID:10652,PRESENTS,Symptom::D004314
14238,Disease::DOID:219,PRESENTS,Symptom::D005414
14239,Disease::DOID:1826,PRESENTS,Symptom::D019575
14240,Disease::DOID:1094,PRESENTS,Symptom::D017109
14241,Disease::DOID:1909,PRESENTS,Symptom::D014008
14242,Disease::DOID:13223,PRESENTS,Symptom::D003248
14243,Disease::DOID:8398,PRESENTS,Symptom::D010149
14244,Disease::DOID:8986,PRESENTS,Symptom::D012891
14245,Disease::DOID:5041,PRESENTS,Symptom::D005483
14246,Disease::DOID:3121,PRESENTS,Symptom::D003085
14247,Disease::DOID:4481,PRESENTS,Symptom::D011602
14248,Disease::DOID:3070,PRESENTS,Symptom::D012640
14249,Disease::DOID:332,PRESENTS,Symptom::D014826
14250,Disease::DOID:3571,PRESENTS,Symptom::D004438
14251,Disease::DOID:9074,PRESENTS,Symptom::D001750
14252,Disease::DOID:3070,PRESENTS,Symptom::D014717
14253,Disease::DOID:1993,PRESENTS,Symptom::D005414
14254,Disease::DOID:1993,PRESENTS,Symptom::D003967
14255,Disease::DOID:13223,PRESENTS,Symptom::D003085
14256,Disease::DOID:2377,PRESENTS,Symptom::D009122
14257,Disease::DOID:12361,PRESENTS,Symptom::D006942
14258,Disease::DOID:10763,PRESENTS,Symptom::D050177
14259,Disease::DOID:1192,PRESENTS,Symptom::D006261
14260,Disease::DOID:14330,PRESENTS,Symptom::D013494
14261,Disease::DOID:9296,PRESENTS,Symptom::D006472
14262,Disease::DOID:1781,PRESENTS,Symptom::D014832
14263,Disease::DOID:12185,PRESENTS,Symptom::D004244
14264,Disease::DOID:12306,PRESENTS,Symptom::D006311
14265,Disease::DOID:10283,PRESENTS,Symptom::D059411
14266,Disease::DOID:7148,PRESENTS,Symptom::D011782
14267,Disease::DOID:784,PRESENTS,Symptom::D011537
14268,Disease::DOID:1936,PRESENTS,Symptom::D050177
14269,Disease::DOID:2841,PRESENTS,Symptom::D006685
14270,Disease::DOID:2994,PRESENTS,Symptom::D010291
14271,Disease::DOID:8986,PRESENTS,Symptom::D017593
14272,Disease::DOID:10652,PRESENTS,Symptom::D000381
14273,Disease::DOID:13241,PRESENTS,Symptom::D018908
14274,Disease::DOID:90,PRESENTS,Symptom::D012585
14275,Disease::DOID:12185,PRESENTS,Symptom::D006312
14276,Disease::DOID:3083,PRESENTS,Symptom::D006935
14277,Disease::DOID:11934,PRESENTS,Symptom::D019547
14278,Disease::DOID:5419,PRESENTS,Symptom::D007806
14279,Disease::DOID:12185,PRESENTS,Symptom::D011304
14280,Disease::DOID:1024,PRESENTS,Symptom::D005158
14281,Disease::DOID:3070,PRESENTS,Symptom::D010243
14282,Disease::DOID:7148,PRESENTS,Symptom::D013651
14283,Disease::DOID:3083,PRESENTS,Symptom::D007040
14284,Disease::DOID:2994,PRESENTS,Symptom::D013575
14285,Disease::DOID:10941,PRESENTS,Symptom::D014474
14286,Disease::DOID:5419,PRESENTS,Symptom::D002375
14287,Disease::DOID:11949,PRESENTS,Symptom::D006212
14288,Disease::DOID:10941,PRESENTS,Symptom::D003221
14289,Disease::DOID:1319,PRESENTS,Symptom::D006606
14290,Disease::DOID:11949,PRESENTS,Symptom::D034062
14291,Disease::DOID:9835,PRESENTS,Symptom::D003638
14292,Disease::DOID:2394,PRESENTS,Symptom::D004487
14293,Disease::DOID:1790,PRESENTS,Symptom::D003128
14294,Disease::DOID:2531,PRESENTS,Symptom::D014839
14295,Disease::DOID:2377,PRESENTS,Symptom::D009222
14296,Disease::DOID:1459,PRESENTS,Symptom::D005221
14297,Disease::DOID:1909,PRESENTS,Symptom::D003967
14298,Disease::DOID:1595,PRESENTS,Symptom::D006963
14299,Disease::DOID:8398,PRESENTS,Symptom::D059226
14300,Disease::DOID:5559,PRESENTS,Symptom::D004417
14301,Disease::DOID:3070,PRESENTS,Symptom::D002524
14302,Disease::DOID:3070,PRESENTS,Symptom::D010291
14303,Disease::DOID:3953,PRESENTS,Symptom::D005334
14304,Disease::DOID:14330,PRESENTS,Symptom::D053158
14305,Disease::DOID:2377,PRESENTS,Symptom::D004244
14306,Disease::DOID:10652,PRESENTS,Symptom::D008569
14307,Disease::DOID:2986,PRESENTS,Symptom::D016553
14308,Disease::DOID:2994,PRESENTS,Symptom::D006315
14309,Disease::DOID:635,PRESENTS,Symptom::D011696
14310,Disease::DOID:2841,PRESENTS,Symptom::D001049
14311,Disease::DOID:1686,PRESENTS,Symptom::D015877
14312,Disease::DOID:363,PRESENTS,Symptom::D000860
14313,Disease::DOID:14330,PRESENTS,Symptom::D009325
14314,Disease::DOID:594,PRESENTS,Symptom::D009041
14315,Disease::DOID:1826,PRESENTS,Symptom::D038901
14316,Disease::DOID:12361,PRESENTS,Symptom::D011782
14317,Disease::DOID:1459,PRESENTS,Symptom::D002524
14318,Disease::DOID:14330,PRESENTS,Symptom::D003693
14319,Disease::DOID:4606,PRESENTS,Symptom::D041781
14320,Disease::DOID:12849,PRESENTS,Symptom::D001072
14321,Disease::DOID:2174,PRESENTS,Symptom::D000550
14322,Disease::DOID:784,PRESENTS,Symptom::D009133
14323,Disease::DOID:1319,PRESENTS,Symptom::D004614
14324,Disease::DOID:1319,PRESENTS,Symptom::D034381
14325,Disease::DOID:10534,PRESENTS,Symptom::D011696
14326,Disease::DOID:6364,PRESENTS,Symptom::D009903
14327,Disease::DOID:986,PRESENTS,Symptom::D006311
14328,Disease::DOID:2994,PRESENTS,Symptom::D014012
14329,Disease::DOID:1790,PRESENTS,Symptom::D009325
14330,Disease::DOID:1826,PRESENTS,Symptom::D003128
14331,Disease::DOID:8893,PRESENTS,Symptom::D011538
14332,Disease::DOID:175,PRESENTS,Symptom::D007383
14333,Disease::DOID:2377,PRESENTS,Symptom::D006423
14334,Disease::DOID:5041,PRESENTS,Symptom::D003371
14335,Disease::DOID:363,PRESENTS,Symptom::D014549
14336,Disease::DOID:1319,PRESENTS,Symptom::D002819
14337,Disease::DOID:10941,PRESENTS,Symptom::D014012
14338,Disease::DOID:2377,PRESENTS,Symptom::D004401
14339,Disease::DOID:11612,PRESENTS,Symptom::D002032
14340,Disease::DOID:8398,PRESENTS,Symptom::D012585
14341,Disease::DOID:9970,PRESENTS,Symptom::D006963
14342,Disease::DOID:332,PRESENTS,Symptom::D020336
14343,Disease::DOID:9970,PRESENTS,Symptom::D009765
14344,Disease::DOID:1686,PRESENTS,Symptom::D058447
14345,Disease::DOID:2994,PRESENTS,Symptom::D015160
14346,Disease::DOID:1936,PRESENTS,Symptom::D000860
14347,Disease::DOID:3083,PRESENTS,Symptom::D002100
14348,Disease::DOID:1909,PRESENTS,Symptom::D009755
14349,Disease::DOID:1909,PRESENTS,Symptom::D004172
14350,Disease::DOID:8577,PRESENTS,Symptom::D003635
14351,Disease::DOID:12849,PRESENTS,Symptom::D000377
14352,Disease::DOID:9352,PRESENTS,Symptom::D005483
14353,Disease::DOID:9835,PRESENTS,Symptom::D001766
14354,Disease::DOID:4989,PRESENTS,Symptom::D004487
14355,Disease::DOID:3277,PRESENTS,Symptom::D006469
14356,Disease::DOID:594,PRESENTS,Symptom::D008065
14357,Disease::DOID:9835,PRESENTS,Symptom::D019591
14358,Disease::DOID:1324,PRESENTS,Symptom::D020069
14359,Disease::DOID:3070,PRESENTS,Symptom::D004401
14360,Disease::DOID:1909,PRESENTS,Symptom::D004487
14361,Disease::DOID:2994,PRESENTS,Symptom::D020182
14362,Disease::DOID:9352,PRESENTS,Symptom::D054058
14363,Disease::DOID:11949,PRESENTS,Symptom::D004401
14364,Disease::DOID:1826,PRESENTS,Symptom::D009207
14365,Disease::DOID:184,PRESENTS,Symptom::D020069
14366,Disease::DOID:1459,PRESENTS,Symptom::D006311
14367,Disease::DOID:3277,PRESENTS,Symptom::D009123
14368,Disease::DOID:13378,PRESENTS,Symptom::D006337
14369,Disease::DOID:2355,PRESENTS,Symptom::D007565
14370,Disease::DOID:10871,PRESENTS,Symptom::D014823
14371,Disease::DOID:1612,PRESENTS,Symptom::D001247
14372,Disease::DOID:594,PRESENTS,Symptom::D002032
14373,Disease::DOID:2994,PRESENTS,Symptom::D005157
14374,Disease::DOID:2377,PRESENTS,Symptom::D054972
14375,Disease::DOID:9970,PRESENTS,Symptom::D010845
14376,Disease::DOID:0060119,PRESENTS,Symptom::D009437
14377,Disease::DOID:1094,PRESENTS,Symptom::D001072
14378,Disease::DOID:1612,PRESENTS,Symptom::D019584
14379,Disease::DOID:363,PRESENTS,Symptom::D001750
14380,Disease::DOID:4989,PRESENTS,Symptom::D015746
14381,Disease::DOID:1324,PRESENTS,Symptom::D012135
14382,Disease::DOID:12306,PRESENTS,Symptom::D004421
14383,Disease::DOID:1993,PRESENTS,Symptom::D011537
14384,Disease::DOID:11934,PRESENTS,Symptom::D009912
14385,Disease::DOID:8986,PRESENTS,Symptom::D010845
14386,Disease::DOID:0050425,PRESENTS,Symptom::D007319
14387,Disease::DOID:1115,PRESENTS,Symptom::D004487
14388,Disease::DOID:175,PRESENTS,Symptom::D002637
14389,Disease::DOID:5041,PRESENTS,Symptom::D002637
14390,Disease::DOID:13241,PRESENTS,Symptom::D006469
14391,Disease::DOID:11555,PRESENTS,Symptom::D014786
14392,Disease::DOID:0050425,PRESENTS,Symptom::D017827
14393,Disease::DOID:175,PRESENTS,Symptom::D010291
14394,Disease::DOID:3953,PRESENTS,Symptom::D004438
14395,Disease::DOID:13378,PRESENTS,Symptom::D011696
14396,Disease::DOID:14221,PRESENTS,Symptom::D050177
14397,Disease::DOID:2355,PRESENTS,Symptom::D002637
14398,Disease::DOID:1115,PRESENTS,Symptom::D001416
14399,Disease::DOID:9835,PRESENTS,Symptom::D009755
14400,Disease::DOID:8398,PRESENTS,Symptom::D017116
14401,Disease::DOID:7148,PRESENTS,Symptom::D004487
14402,Disease::DOID:6364,PRESENTS,Symptom::D018908
14403,Disease::DOID:2377,PRESENTS,Symptom::D005221
14404,Disease::DOID:12849,PRESENTS,Symptom::D009155
14405,Disease::DOID:784,PRESENTS,Symptom::D004415
14406,Disease::DOID:332,PRESENTS,Symptom::D018908
14407,Disease::DOID:1319,PRESENTS,Symptom::D001037
14408,Disease::DOID:0060119,PRESENTS,Symptom::D006319
14409,Disease::DOID:2994,PRESENTS,Symptom::D003968
14410,Disease::DOID:10153,PRESENTS,Symptom::D003967
14411,Disease::DOID:14268,PRESENTS,Symptom::D041781
14412,Disease::DOID:3953,PRESENTS,Symptom::D015746
14413,Disease::DOID:1595,PRESENTS,Symptom::D048949
14414,Disease::DOID:9744,PRESENTS,Symptom::D001750
14415,Disease::DOID:3565,PRESENTS,Symptom::D003221
14416,Disease::DOID:3070,PRESENTS,Symptom::D006606
14417,Disease::DOID:1115,PRESENTS,Symptom::D010243
14418,Disease::DOID:1612,PRESENTS,Symptom::D005334
14419,Disease::DOID:1595,PRESENTS,Symptom::D005183
14420,Disease::DOID:8778,PRESENTS,Symptom::D003248
14421,Disease::DOID:5408,PRESENTS,Symptom::D009912
14422,Disease::DOID:8577,PRESENTS,Symptom::D012877
14423,Disease::DOID:13223,PRESENTS,Symptom::D006396
14424,Disease::DOID:0050741,PRESENTS,Symptom::D000472
14425,Disease::DOID:184,PRESENTS,Symptom::D014012
14426,Disease::DOID:0050741,PRESENTS,Symptom::D006963
14427,Disease::DOID:1595,PRESENTS,Symptom::D001247
14428,Disease::DOID:363,PRESENTS,Symptom::D014840
14429,Disease::DOID:0050741,PRESENTS,Symptom::D007319
14430,Disease::DOID:2994,PRESENTS,Symptom::D019569
14431,Disease::DOID:2531,PRESENTS,Symptom::D005335
14432,Disease::DOID:0060119,PRESENTS,Symptom::D005132
14433,Disease::DOID:1094,PRESENTS,Symptom::D007859
14434,Disease::DOID:12306,PRESENTS,Symptom::D016553
14435,Disease::DOID:3393,PRESENTS,Symptom::D007383
14436,Disease::DOID:4481,PRESENTS,Symptom::D003371
14437,Disease::DOID:12185,PRESENTS,Symptom::D013651
14438,Disease::DOID:0050741,PRESENTS,Symptom::D012893
14439,Disease::DOID:9352,PRESENTS,Symptom::D000419
14440,Disease::DOID:12849,PRESENTS,Symptom::D006948
14441,Disease::DOID:2377,PRESENTS,Symptom::D009461
14442,Disease::DOID:1826,PRESENTS,Symptom::D020754
14443,Disease::DOID:1192,PRESENTS,Symptom::D006313
14444,Disease::DOID:10652,PRESENTS,Symptom::D000377
14445,Disease::DOID:10941,PRESENTS,Symptom::D015875
14446,Disease::DOID:11119,PRESENTS,Symptom::D007806
14447,Disease::DOID:1324,PRESENTS,Symptom::D010148
14448,Disease::DOID:594,PRESENTS,Symptom::D011602
14449,Disease::DOID:1324,PRESENTS,Symptom::D004408
14450,Disease::DOID:4045,PRESENTS,Symptom::D005130
14451,Disease::DOID:7148,PRESENTS,Symptom::D011507
14452,Disease::DOID:12849,PRESENTS,Symptom::D003635
14453,Disease::DOID:3571,PRESENTS,Symptom::D000006
14454,Disease::DOID:1115,PRESENTS,Symptom::D010291
14455,Disease::DOID:12361,PRESENTS,Symptom::D012607
14456,Disease::DOID:3571,PRESENTS,Symptom::D005335
14457,Disease::DOID:7147,PRESENTS,Symptom::D010146
14458,Disease::DOID:10941,PRESENTS,Symptom::D005158
14459,Disease::DOID:8986,PRESENTS,Symptom::D038921
14460,Disease::DOID:0060119,PRESENTS,Symptom::D000857
14461,Disease::DOID:12185,PRESENTS,Symptom::D016532
14462,Disease::DOID:2596,PRESENTS,Symptom::D006469
14463,Disease::DOID:7693,PRESENTS,Symptom::D020335
14464,Disease::DOID:90,PRESENTS,Symptom::D010146
14465,Disease::DOID:14330,PRESENTS,Symptom::D006948
14466,Disease::DOID:9296,PRESENTS,Symptom::D005183
14467,Disease::DOID:11949,PRESENTS,Symptom::D001041
14468,Disease::DOID:11934,PRESENTS,Symptom::D006685
14469,Disease::DOID:1324,PRESENTS,Symptom::D002100
14470,Disease::DOID:10941,PRESENTS,Symptom::D011782
14471,Disease::DOID:1686,PRESENTS,Symptom::D019591
14472,Disease::DOID:5419,PRESENTS,Symptom::D059607
14473,Disease::DOID:784,PRESENTS,Symptom::D011141
14474,Disease::DOID:7148,PRESENTS,Symptom::D019873
14475,Disease::DOID:11949,PRESENTS,Symptom::D018908
14476,Disease::DOID:3571,PRESENTS,Symptom::D005483
14477,Disease::DOID:175,PRESENTS,Symptom::D015746
14478,Disease::DOID:2994,PRESENTS,Symptom::D000006
14479,Disease::DOID:1790,PRESENTS,Symptom::D015746
14480,Disease::DOID:594,PRESENTS,Symptom::D006212
14481,Disease::DOID:2355,PRESENTS,Symptom::D003967
14482,Disease::DOID:1094,PRESENTS,Symptom::D006970
14483,Disease::DOID:11934,PRESENTS,Symptom::D014098
14484,Disease::DOID:1826,PRESENTS,Symptom::D013035
14485,Disease::DOID:175,PRESENTS,Symptom::D006469
14486,Disease::DOID:6364,PRESENTS,Symptom::D002524
14487,Disease::DOID:1793,PRESENTS,Symptom::D015746
14488,Disease::DOID:4045,PRESENTS,Symptom::D020069
14489,Disease::DOID:12306,PRESENTS,Symptom::D046088
14490,Disease::DOID:14004,PRESENTS,Symptom::D002303
14491,Disease::DOID:11934,PRESENTS,Symptom::D012135
14492,Disease::DOID:9352,PRESENTS,Symptom::D056128
14493,Disease::DOID:8850,PRESENTS,Symptom::D010292
14494,Disease::DOID:219,PRESENTS,Symptom::D000006
14495,Disease::DOID:13378,PRESENTS,Symptom::D004487
14496,Disease::DOID:10941,PRESENTS,Symptom::D004172
14497,Disease::DOID:219,PRESENTS,Symptom::D014840
14498,Disease::DOID:11949,PRESENTS,Symptom::D018476
14499,Disease::DOID:1324,PRESENTS,Symptom::D009325
14500,Disease::DOID:2994,PRESENTS,Symptom::D004438
14501,Disease::DOID:10021,PRESENTS,Symptom::D015746
14502,Disease::DOID:2531,PRESENTS,Symptom::D010146
14503,Disease::DOID:11054,PRESENTS,Symptom::D059411
14504,Disease::DOID:14330,PRESENTS,Symptom::D020886
14505,Disease::DOID:1993,PRESENTS,Symptom::D017699
14506,Disease::DOID:4362,PRESENTS,Symptom::D010148
14507,Disease::DOID:184,PRESENTS,Symptom::D004438
14508,Disease::DOID:14004,PRESENTS,Symptom::D004438
14509,Disease::DOID:3953,PRESENTS,Symptom::D013575
14510,Disease::DOID:4362,PRESENTS,Symptom::D014839
14511,Disease::DOID:1595,PRESENTS,Symptom::D017288
14512,Disease::DOID:184,PRESENTS,Symptom::D015354
14513,Disease::DOID:2174,PRESENTS,Symptom::D011681
14514,Disease::DOID:9074,PRESENTS,Symptom::D011782
14515,Disease::DOID:4159,PRESENTS,Symptom::D006930
14516,Disease::DOID:2994,PRESENTS,Symptom::D003639
14517,Disease::DOID:4989,PRESENTS,Symptom::D007035
14518,Disease::DOID:2394,PRESENTS,Symptom::D014840
14519,Disease::DOID:784,PRESENTS,Symptom::D009120
14520,Disease::DOID:13223,PRESENTS,Symptom::D000006
14521,Disease::DOID:184,PRESENTS,Symptom::D005157
14522,Disease::DOID:1324,PRESENTS,Symptom::D005157
14523,Disease::DOID:14221,PRESENTS,Symptom::D001835
14524,Disease::DOID:5408,PRESENTS,Symptom::D017116
14525,Disease::DOID:3953,PRESENTS,Symptom::D010149
14526,Disease::DOID:1094,PRESENTS,Symptom::D007088
14527,Disease::DOID:1115,PRESENTS,Symptom::D006987
14528,Disease::DOID:332,PRESENTS,Symptom::D012133
14529,Disease::DOID:0050741,PRESENTS,Symptom::D003128
14530,Disease::DOID:2377,PRESENTS,Symptom::D012133
14531,Disease::DOID:11119,PRESENTS,Symptom::D004454
14532,Disease::DOID:2998,PRESENTS,Symptom::D010292
14533,Disease::DOID:635,PRESENTS,Symptom::D010146
14534,Disease::DOID:90,PRESENTS,Symptom::D001416
14535,Disease::DOID:10871,PRESENTS,Symptom::D004172
14536,Disease::DOID:1319,PRESENTS,Symptom::D011681
14537,Disease::DOID:1964,PRESENTS,Symptom::D017699
14538,Disease::DOID:8778,PRESENTS,Symptom::D004487
14539,Disease::DOID:14330,PRESENTS,Symptom::D006970
14540,Disease::DOID:3070,PRESENTS,Symptom::D014786
14541,Disease::DOID:13223,PRESENTS,Symptom::D005334
14542,Disease::DOID:11920,PRESENTS,Symptom::D014826
14543,Disease::DOID:14221,PRESENTS,Symptom::D015430
14544,Disease::DOID:6364,PRESENTS,Symptom::D007088
14545,Disease::DOID:0060119,PRESENTS,Symptom::D009886
14546,Disease::DOID:8778,PRESENTS,Symptom::D010149
14547,Disease::DOID:5875,PRESENTS,Symptom::D017699
14548,Disease::DOID:5408,PRESENTS,Symptom::D017699
14549,Disease::DOID:2531,PRESENTS,Symptom::D009325
14550,Disease::DOID:585,PRESENTS,Symptom::D011782
14551,Disease::DOID:10871,PRESENTS,Symptom::D012166
14552,Disease::DOID:6364,PRESENTS,Symptom::D011602
14553,Disease::DOID:7148,PRESENTS,Symptom::D010591
14554,Disease::DOID:10941,PRESENTS,Symptom::D010243
14555,Disease::DOID:784,PRESENTS,Symptom::D006316
14556,Disease::DOID:3070,PRESENTS,Symptom::D001037
14557,Disease::DOID:6364,PRESENTS,Symptom::D006732
14558,Disease::DOID:12361,PRESENTS,Symptom::D018908
14559,Disease::DOID:90,PRESENTS,Symptom::D010149
14560,Disease::DOID:5041,PRESENTS,Symptom::D004417
14561,Disease::DOID:10871,PRESENTS,Symptom::D058447
14562,Disease::DOID:9744,PRESENTS,Symptom::D006316
14563,Disease::DOID:10941,PRESENTS,Symptom::D005132
14564,Disease::DOID:3312,PRESENTS,Symptom::D004421
14565,Disease::DOID:9296,PRESENTS,Symptom::D007859
14566,Disease::DOID:3393,PRESENTS,Symptom::D004489
14567,Disease::DOID:1319,PRESENTS,Symptom::D006429
14568,Disease::DOID:5559,PRESENTS,Symptom::D006396
14569,Disease::DOID:184,PRESENTS,Symptom::D009437
14570,Disease::DOID:11714,PRESENTS,Symptom::D020567
14571,Disease::DOID:5408,PRESENTS,Symptom::D006312
14572,Disease::DOID:8850,PRESENTS,Symptom::D010243
14573,Disease::DOID:0060119,PRESENTS,Symptom::D020385
14574,Disease::DOID:14268,PRESENTS,Symptom::D006942
14575,Disease::DOID:11054,PRESENTS,Symptom::D001750
14576,Disease::DOID:363,PRESENTS,Symptom::D006939
14577,Disease::DOID:9835,PRESENTS,Symptom::D005130
14578,Disease::DOID:418,PRESENTS,Symptom::D009846
14579,Disease::DOID:3083,PRESENTS,Symptom::D059246
14580,Disease::DOID:10283,PRESENTS,Symptom::D053158
14581,Disease::DOID:5559,PRESENTS,Symptom::D053578
14582,Disease::DOID:1115,PRESENTS,Symptom::D015746
14583,Disease::DOID:184,PRESENTS,Symptom::D002559
14584,Disease::DOID:10941,PRESENTS,Symptom::D000648
14585,Disease::DOID:11934,PRESENTS,Symptom::D055154
14586,Disease::DOID:12849,PRESENTS,Symptom::D001037
14587,Disease::DOID:7148,PRESENTS,Symptom::D006930
14588,Disease::DOID:4159,PRESENTS,Symptom::D012415
14589,Disease::DOID:10283,PRESENTS,Symptom::D060545
14590,Disease::DOID:13189,PRESENTS,Symptom::D018771
14591,Disease::DOID:2377,PRESENTS,Symptom::D020234
14592,Disease::DOID:10608,PRESENTS,Symptom::D018980
14593,Disease::DOID:3565,PRESENTS,Symptom::D006429
14594,Disease::DOID:418,PRESENTS,Symptom::D006987
14595,Disease::DOID:0050742,PRESENTS,Symptom::D012893
14596,Disease::DOID:1909,PRESENTS,Symptom::D023341
14597,Disease::DOID:1192,PRESENTS,Symptom::D014786
14598,Disease::DOID:1909,PRESENTS,Symptom::D002100
14599,Disease::DOID:332,PRESENTS,Symptom::D009128
14600,Disease::DOID:12849,PRESENTS,Symptom::D007805
14601,Disease::DOID:1192,PRESENTS,Symptom::D006319
14602,Disease::DOID:3070,PRESENTS,Symptom::D034381
14603,Disease::DOID:11934,PRESENTS,Symptom::D001260
14604,Disease::DOID:12365,PRESENTS,Symptom::D003244
14605,Disease::DOID:11934,PRESENTS,Symptom::D004438
14606,Disease::DOID:4159,PRESENTS,Symptom::D006942
14607,Disease::DOID:1192,PRESENTS,Symptom::D010243
14608,Disease::DOID:9296,PRESENTS,Symptom::D006311
14609,Disease::DOID:14330,PRESENTS,Symptom::D002819
14610,Disease::DOID:2994,PRESENTS,Symptom::D002100
14611,Disease::DOID:8986,PRESENTS,Symptom::D020189
14612,Disease::DOID:0050741,PRESENTS,Symptom::D005262
14613,Disease::DOID:1781,PRESENTS,Symptom::D004417
14614,Disease::DOID:0050741,PRESENTS,Symptom::D001259
14615,Disease::DOID:10283,PRESENTS,Symptom::D003248
14616,Disease::DOID:1793,PRESENTS,Symptom::D014839
14617,Disease::DOID:0060119,PRESENTS,Symptom::D004172
14618,Disease::DOID:1826,PRESENTS,Symptom::D020238
14619,Disease::DOID:10652,PRESENTS,Symptom::D011595
14620,Disease::DOID:635,PRESENTS,Symptom::D000855
14621,Disease::DOID:2377,PRESENTS,Symptom::D012021
14622,Disease::DOID:9352,PRESENTS,Symptom::D053201
14623,Disease::DOID:263,PRESENTS,Symptom::D005335
14624,Disease::DOID:6364,PRESENTS,Symptom::D003221
14625,Disease::DOID:1595,PRESENTS,Symptom::D059350
14626,Disease::DOID:184,PRESENTS,Symptom::D006472
14627,Disease::DOID:12930,PRESENTS,Symptom::D004489
14628,Disease::DOID:14227,PRESENTS,Symptom::D050177
14629,Disease::DOID:12365,PRESENTS,Symptom::D006942
14630,Disease::DOID:2994,PRESENTS,Symptom::D053578
14631,Disease::DOID:3953,PRESENTS,Symptom::D014839
14632,Disease::DOID:7148,PRESENTS,Symptom::D009912
14633,Disease::DOID:3312,PRESENTS,Symptom::D003693
14634,Disease::DOID:2355,PRESENTS,Symptom::D011694
14635,Disease::DOID:6364,PRESENTS,Symptom::D012678
14636,Disease::DOID:3070,PRESENTS,Symptom::D004614
14637,Disease::DOID:635,PRESENTS,Symptom::D002100
14638,Disease::DOID:7148,PRESENTS,Symptom::D059350
14639,Disease::DOID:1612,PRESENTS,Symptom::D004487
14640,Disease::DOID:10763,PRESENTS,Symptom::D012913
14641,Disease::DOID:5419,PRESENTS,Symptom::D000857
14642,Disease::DOID:784,PRESENTS,Symptom::D006311
14643,Disease::DOID:363,PRESENTS,Symptom::D003248
14644,Disease::DOID:2994,PRESENTS,Symptom::D006429
14645,Disease::DOID:12849,PRESENTS,Symptom::D010468
14646,Disease::DOID:2994,PRESENTS,Symptom::D014823
14647,Disease::DOID:10652,PRESENTS,Symptom::D001039
14648,Disease::DOID:4989,PRESENTS,Symptom::D041781
14649,Disease::DOID:2355,PRESENTS,Symptom::D014823
14650,Disease::DOID:9074,PRESENTS,Symptom::D005132
14651,Disease::DOID:175,PRESENTS,Symptom::D020335
14652,Disease::DOID:8577,PRESENTS,Symptom::D005132
14653,Disease::DOID:1686,PRESENTS,Symptom::D014786
14654,Disease::DOID:1826,PRESENTS,Symptom::D020182
14655,Disease::DOID:11119,PRESENTS,Symptom::D007926
14656,Disease::DOID:5419,PRESENTS,Symptom::D020820
14657,Disease::DOID:4989,PRESENTS,Symptom::D011697
14658,Disease::DOID:0050741,PRESENTS,Symptom::D003244
14659,Disease::DOID:8398,PRESENTS,Symptom::D020886
14660,Disease::DOID:12995,PRESENTS,Symptom::D004410
14661,Disease::DOID:8577,PRESENTS,Symptom::D006319
14662,Disease::DOID:3312,PRESENTS,Symptom::D015430
14663,Disease::DOID:2986,PRESENTS,Symptom::D011695
14664,Disease::DOID:1115,PRESENTS,Symptom::D009461
14665,Disease::DOID:1826,PRESENTS,Symptom::D001264
14666,Disease::DOID:2841,PRESENTS,Symptom::D005311
14667,Disease::DOID:594,PRESENTS,Symptom::D016857
14668,Disease::DOID:1595,PRESENTS,Symptom::D010148
14669,Disease::DOID:10283,PRESENTS,Symptom::D053201
14670,Disease::DOID:11934,PRESENTS,Symptom::D014826
14671,Disease::DOID:0050156,PRESENTS,Symptom::D012891
14672,Disease::DOID:1324,PRESENTS,Symptom::D001416
14673,Disease::DOID:4045,PRESENTS,Symptom::D009886
14674,Disease::DOID:1993,PRESENTS,Symptom::D000855
14675,Disease::DOID:5041,PRESENTS,Symptom::D006469
14676,Disease::DOID:12306,PRESENTS,Symptom::D006316
14677,Disease::DOID:2994,PRESENTS,Symptom::D003638
14678,Disease::DOID:2355,PRESENTS,Symptom::D011693
14679,Disease::DOID:2998,PRESENTS,Symptom::D014770
14680,Disease::DOID:4045,PRESENTS,Symptom::D004417
14681,Disease::DOID:1245,PRESENTS,Symptom::D014549
14682,Disease::DOID:5041,PRESENTS,Symptom::D010149
14683,Disease::DOID:9835,PRESENTS,Symptom::D004410
14684,Disease::DOID:7693,PRESENTS,Symptom::D015746
14685,Disease::DOID:10941,PRESENTS,Symptom::D009461
14686,Disease::DOID:14330,PRESENTS,Symptom::D004421
14687,Disease::DOID:10652,PRESENTS,Symptom::D011596
14688,Disease::DOID:10652,PRESENTS,Symptom::D003147
14689,Disease::DOID:4159,PRESENTS,Symptom::D001260
14690,Disease::DOID:8577,PRESENTS,Symptom::D003967
14691,Disease::DOID:1115,PRESENTS,Symptom::D020335
14692,Disease::DOID:10763,PRESENTS,Symptom::D005132
14693,Disease::DOID:635,PRESENTS,Symptom::D009437
14694,Disease::DOID:585,PRESENTS,Symptom::D000006
14695,Disease::DOID:12849,PRESENTS,Symptom::D006311
14696,Disease::DOID:8893,PRESENTS,Symptom::D011537
14697,Disease::DOID:1094,PRESENTS,Symptom::D007806
14698,Disease::DOID:7693,PRESENTS,Symptom::D005334
14699,Disease::DOID:11476,PRESENTS,Symptom::D059352
14700,Disease::DOID:2174,PRESENTS,Symptom::D034381
14701,Disease::DOID:1115,PRESENTS,Symptom::D006396
14702,Disease::DOID:1826,PRESENTS,Symptom::D010291
14703,Disease::DOID:1595,PRESENTS,Symptom::D004409
14704,Disease::DOID:12185,PRESENTS,Symptom::D006316
14705,Disease::DOID:0050425,PRESENTS,Symptom::D020189
14706,Disease::DOID:7148,PRESENTS,Symptom::D017288
14707,Disease::DOID:1319,PRESENTS,Symptom::D003221
14708,Disease::DOID:9970,PRESENTS,Symptom::D055948
14709,Disease::DOID:8893,PRESENTS,Symptom::D023341
14710,Disease::DOID:2355,PRESENTS,Symptom::D020567
14711,Disease::DOID:11934,PRESENTS,Symptom::D006356
14712,Disease::DOID:10941,PRESENTS,Symptom::D000425
14713,Disease::DOID:7148,PRESENTS,Symptom::D011696
14714,Disease::DOID:9744,PRESENTS,Symptom::D003638
14715,Disease::DOID:1826,PRESENTS,Symptom::D008569
14716,Disease::DOID:119,PRESENTS,Symptom::D010146
14717,Disease::DOID:12361,PRESENTS,Symptom::D002819
14718,Disease::DOID:332,PRESENTS,Symptom::D010243
14719,Disease::DOID:7148,PRESENTS,Symptom::D008998
14720,Disease::DOID:14330,PRESENTS,Symptom::D020189
14721,Disease::DOID:7147,PRESENTS,Symptom::D006319
14722,Disease::DOID:14221,PRESENTS,Symptom::D053448
14723,Disease::DOID:8986,PRESENTS,Symptom::D002375
14724,Disease::DOID:10153,PRESENTS,Symptom::D018589
14725,Disease::DOID:14330,PRESENTS,Symptom::D008569
14726,Disease::DOID:4481,PRESENTS,Symptom::D012893
14727,Disease::DOID:10763,PRESENTS,Symptom::D017566
14728,Disease::DOID:6364,PRESENTS,Symptom::D001037
14729,Disease::DOID:11920,PRESENTS,Symptom::D003371
14730,Disease::DOID:5041,PRESENTS,Symptom::D006606
14731,Disease::DOID:1319,PRESENTS,Symptom::D003639
14732,Disease::DOID:8986,PRESENTS,Symptom::D020187
14733,Disease::DOID:5875,PRESENTS,Symptom::D004487
14734,Disease::DOID:1115,PRESENTS,Symptom::D006469
14735,Disease::DOID:363,PRESENTS,Symptom::D020250
14736,Disease::DOID:5041,PRESENTS,Symptom::D014839
14737,Disease::DOID:11934,PRESENTS,Symptom::D006472
14738,Disease::DOID:9744,PRESENTS,Symptom::D015430
14739,Disease::DOID:3953,PRESENTS,Symptom::D054068
14740,Disease::DOID:10608,PRESENTS,Symptom::D005414
14741,Disease::DOID:1115,PRESENTS,Symptom::D004172
14742,Disease::DOID:1319,PRESENTS,Symptom::D003638
14743,Disease::DOID:11615,PRESENTS,Symptom::D010146
14744,Disease::DOID:5419,PRESENTS,Symptom::D005483
14745,Disease::DOID:11934,PRESENTS,Symptom::D004487
14746,Disease::DOID:175,PRESENTS,Symptom::D013575
14747,Disease::DOID:3565,PRESENTS,Symptom::D011782
14748,Disease::DOID:2174,PRESENTS,Symptom::D020757
14749,Disease::DOID:4159,PRESENTS,Symptom::D003638
14750,Disease::DOID:4606,PRESENTS,Symptom::D011537
14751,Disease::DOID:1909,PRESENTS,Symptom::D012166
14752,Disease::DOID:5559,PRESENTS,Symptom::D006685
14753,Disease::DOID:13241,PRESENTS,Symptom::D003967
14754,Disease::DOID:5041,PRESENTS,Symptom::D018589
14755,Disease::DOID:10652,PRESENTS,Symptom::D009207
14756,Disease::DOID:1192,PRESENTS,Symptom::D019080
14757,Disease::DOID:11119,PRESENTS,Symptom::D000334
14758,Disease::DOID:7148,PRESENTS,Symptom::D010149
14759,Disease::DOID:5408,PRESENTS,Symptom::D034381
14760,Disease::DOID:1319,PRESENTS,Symptom::D002524
14761,Disease::DOID:9074,PRESENTS,Symptom::D014826
14762,Disease::DOID:5408,PRESENTS,Symptom::D001416
14763,Disease::DOID:1115,PRESENTS,Symptom::D013575
14764,Disease::DOID:10283,PRESENTS,Symptom::D053159
14765,Disease::DOID:2998,PRESENTS,Symptom::D002100
14766,Disease::DOID:12849,PRESENTS,Symptom::D009123
14767,Disease::DOID:5041,PRESENTS,Symptom::D006685
14768,Disease::DOID:8398,PRESENTS,Symptom::D051346
14769,Disease::DOID:13499,PRESENTS,Symptom::D003967
14770,Disease::DOID:5419,PRESENTS,Symptom::D003221
14771,Disease::DOID:824,PRESENTS,Symptom::D004314
14772,Disease::DOID:11934,PRESENTS,Symptom::D009437
14773,Disease::DOID:418,PRESENTS,Symptom::D012021
14774,Disease::DOID:1826,PRESENTS,Symptom::D007806
14775,Disease::DOID:1826,PRESENTS,Symptom::D001259
14776,Disease::DOID:12849,PRESENTS,Symptom::D011596
14777,Disease::DOID:2174,PRESENTS,Symptom::D014786
14778,Disease::DOID:1612,PRESENTS,Symptom::D009325
14779,Disease::DOID:2994,PRESENTS,Symptom::D018908
14780,Disease::DOID:3565,PRESENTS,Symptom::D014012
14781,Disease::DOID:418,PRESENTS,Symptom::D005221
14782,Disease::DOID:0050741,PRESENTS,Symptom::D007859
14783,Disease::DOID:1192,PRESENTS,Symptom::D006316
14784,Disease::DOID:9074,PRESENTS,Symptom::D018771
14785,Disease::DOID:1115,PRESENTS,Symptom::D001835
14786,Disease::DOID:8850,PRESENTS,Symptom::D006987
14787,Disease::DOID:3083,PRESENTS,Symptom::D003371
14788,Disease::DOID:2394,PRESENTS,Symptom::D004412
14789,Disease::DOID:8893,PRESENTS,Symptom::D005334
14790,Disease::DOID:14330,PRESENTS,Symptom::D018476
14791,Disease::DOID:10534,PRESENTS,Symptom::D011697
14792,Disease::DOID:2377,PRESENTS,Symptom::D002524
14793,Disease::DOID:8893,PRESENTS,Symptom::D008998
14794,Disease::DOID:3312,PRESENTS,Symptom::D002389
14795,Disease::DOID:10763,PRESENTS,Symptom::D053158
14796,Disease::DOID:12849,PRESENTS,Symptom::D038901
14797,Disease::DOID:3953,PRESENTS,Symptom::D006261
14798,Disease::DOID:10871,PRESENTS,Symptom::D019591
14799,Disease::DOID:5612,PRESENTS,Symptom::D011782
14800,Disease::DOID:1319,PRESENTS,Symptom::D006261
14801,Disease::DOID:10763,PRESENTS,Symptom::D000860
14802,Disease::DOID:0050742,PRESENTS,Symptom::D000550
14803,Disease::DOID:3083,PRESENTS,Symptom::D005221
14804,Disease::DOID:1459,PRESENTS,Symptom::D018908
14805,Disease::DOID:2596,PRESENTS,Symptom::D055154
14806,Disease::DOID:6364,PRESENTS,Symptom::D009041
14807,Disease::DOID:11949,PRESENTS,Symptom::D012678
14808,Disease::DOID:12185,PRESENTS,Symptom::D003638
14809,Disease::DOID:14330,PRESENTS,Symptom::D000857
14810,Disease::DOID:11934,PRESENTS,Symptom::D006319
14811,Disease::DOID:1826,PRESENTS,Symptom::D001041
14812,Disease::DOID:9074,PRESENTS,Symptom::D006942
14813,Disease::DOID:418,PRESENTS,Symptom::D011697
14814,Disease::DOID:12365,PRESENTS,Symptom::D014839
14815,Disease::DOID:11612,PRESENTS,Symptom::D013851
14816,Disease::DOID:184,PRESENTS,Symptom::D034381
14817,Disease::DOID:1725,PRESENTS,Symptom::D021501
14818,Disease::DOID:1595,PRESENTS,Symptom::D062706
14819,Disease::DOID:184,PRESENTS,Symptom::D019080
14820,Disease::DOID:11934,PRESENTS,Symptom::D059606
14821,Disease::DOID:14330,PRESENTS,Symptom::D003147
14822,Disease::DOID:8778,PRESENTS,Symptom::D011602
14823,Disease::DOID:8778,PRESENTS,Symptom::D005334
14824,Disease::DOID:2994,PRESENTS,Symptom::D004172
14825,Disease::DOID:10763,PRESENTS,Symptom::D009846
14826,Disease::DOID:1319,PRESENTS,Symptom::D010243
14827,Disease::DOID:3953,PRESENTS,Symptom::D000006
14828,Disease::DOID:3277,PRESENTS,Symptom::D004408
14829,Disease::DOID:2994,PRESENTS,Symptom::D015875
14830,Disease::DOID:3277,PRESENTS,Symptom::D006942
14831,Disease::DOID:13241,PRESENTS,Symptom::D010243
14832,Disease::DOID:594,PRESENTS,Symptom::D020184
14833,Disease::DOID:8577,PRESENTS,Symptom::D007565
14834,Disease::DOID:1909,PRESENTS,Symptom::D006988
14835,Disease::DOID:2377,PRESENTS,Symptom::D001766
14836,Disease::DOID:9074,PRESENTS,Symptom::D004487
14837,Disease::DOID:0050741,PRESENTS,Symptom::D000647
14838,Disease::DOID:1793,PRESENTS,Symptom::D007331
14839,Disease::DOID:4481,PRESENTS,Symptom::D020181
14840,Disease::DOID:3571,PRESENTS,Symptom::D000860
14841,Disease::DOID:11949,PRESENTS,Symptom::D004454
14842,Disease::DOID:263,PRESENTS,Symptom::D009325
14843,Disease::DOID:5419,PRESENTS,Symptom::D020886
14844,Disease::DOID:219,PRESENTS,Symptom::D010148
14845,Disease::DOID:1459,PRESENTS,Symptom::D007035
14846,Disease::DOID:2841,PRESENTS,Symptom::D000860
14847,Disease::DOID:10652,PRESENTS,Symptom::D006816
14848,Disease::DOID:3070,PRESENTS,Symptom::D006987
14849,Disease::DOID:6364,PRESENTS,Symptom::D009886
14850,Disease::DOID:2841,PRESENTS,Symptom::D012912
14851,Disease::DOID:14330,PRESENTS,Symptom::D006816
14852,Disease::DOID:1595,PRESENTS,Symptom::D054058
14853,Disease::DOID:11934,PRESENTS,Symptom::D003639
14854,Disease::DOID:4159,PRESENTS,Symptom::D011537
14855,Disease::DOID:2994,PRESENTS,Symptom::D012021
14856,Disease::DOID:0060119,PRESENTS,Symptom::D005158
14857,Disease::DOID:7148,PRESENTS,Symptom::D004415
14858,Disease::DOID:9835,PRESENTS,Symptom::D009886
14859,Disease::DOID:11119,PRESENTS,Symptom::D011602
14860,Disease::DOID:3083,PRESENTS,Symptom::D004418
14861,Disease::DOID:9206,PRESENTS,Symptom::D056128
14862,Disease::DOID:5612,PRESENTS,Symptom::D009133
14863,Disease::DOID:0050741,PRESENTS,Symptom::D011782
14864,Disease::DOID:1192,PRESENTS,Symptom::D001766
14865,Disease::DOID:0050741,PRESENTS,Symptom::D003693
14866,Disease::DOID:2377,PRESENTS,Symptom::D014717
14867,Disease::DOID:2355,PRESENTS,Symptom::D008998
14868,Disease::DOID:0050425,PRESENTS,Symptom::D017109
14869,Disease::DOID:418,PRESENTS,Symptom::D010146
14870,Disease::DOID:12185,PRESENTS,Symptom::D006314
14871,Disease::DOID:3312,PRESENTS,Symptom::D010468
14872,Disease::DOID:1319,PRESENTS,Symptom::D001039
14873,Disease::DOID:3083,PRESENTS,Symptom::D000860
14874,Disease::DOID:1936,PRESENTS,Symptom::D054058
14875,Disease::DOID:3312,PRESENTS,Symptom::D001308
14876,Disease::DOID:7148,PRESENTS,Symptom::D011695
14877,Disease::DOID:6364,PRESENTS,Symptom::D004412
14878,Disease::DOID:12361,PRESENTS,Symptom::D017246
14879,Disease::DOID:2998,PRESENTS,Symptom::D009325
14880,Disease::DOID:2355,PRESENTS,Symptom::D005311
14881,Disease::DOID:2994,PRESENTS,Symptom::D009755
14882,Disease::DOID:824,PRESENTS,Symptom::D014313
14883,Disease::DOID:4989,PRESENTS,Symptom::D010149
14884,Disease::DOID:3571,PRESENTS,Symptom::D001835
14885,Disease::DOID:11949,PRESENTS,Symptom::D006816
14886,Disease::DOID:5408,PRESENTS,Symptom::D012585
14887,Disease::DOID:332,PRESENTS,Symptom::D020233
14888,Disease::DOID:1115,PRESENTS,Symptom::D002637
14889,Disease::DOID:3393,PRESENTS,Symptom::D059787
14890,Disease::DOID:3312,PRESENTS,Symptom::D011595
14891,Disease::DOID:1964,PRESENTS,Symptom::D010146
14892,Disease::DOID:0050741,PRESENTS,Symptom::D020234
14893,Disease::DOID:219,PRESENTS,Symptom::D015746
14894,Disease::DOID:11714,PRESENTS,Symptom::D015430
14895,Disease::DOID:9074,PRESENTS,Symptom::D054068
14896,Disease::DOID:5408,PRESENTS,Symptom::D006319
14897,Disease::DOID:1936,PRESENTS,Symptom::D051346
14898,Disease::DOID:2841,PRESENTS,Symptom::D055154
14899,Disease::DOID:1094,PRESENTS,Symptom::D007805
14900,Disease::DOID:2394,PRESENTS,Symptom::D017699
14901,Disease::DOID:8850,PRESENTS,Symptom::D005157
14902,Disease::DOID:2174,PRESENTS,Symptom::D006732
14903,Disease::DOID:10763,PRESENTS,Symptom::D012891
14904,Disease::DOID:1781,PRESENTS,Symptom::D013651
14905,Disease::DOID:5612,PRESENTS,Symptom::D010292
14906,Disease::DOID:1909,PRESENTS,Symptom::D014823
14907,Disease::DOID:2394,PRESENTS,Symptom::D001260
14908,Disease::DOID:418,PRESENTS,Symptom::D004415
14909,Disease::DOID:2994,PRESENTS,Symptom::D001260
14910,Disease::DOID:3070,PRESENTS,Symptom::D002100
14911,Disease::DOID:14004,PRESENTS,Symptom::D006337
14912,Disease::DOID:14330,PRESENTS,Symptom::D006212
14913,Disease::DOID:11949,PRESENTS,Symptom::D003221
14914,Disease::DOID:0050425,PRESENTS,Symptom::D009207
14915,Disease::DOID:10652,PRESENTS,Symptom::D020336
14916,Disease::DOID:14330,PRESENTS,Symptom::D014832
14917,Disease::DOID:1595,PRESENTS,Symptom::D004421
14918,Disease::DOID:2994,PRESENTS,Symptom::D006319
14919,Disease::DOID:332,PRESENTS,Symptom::D003147
14920,Disease::DOID:10652,PRESENTS,Symptom::D000648
14921,Disease::DOID:14330,PRESENTS,Symptom::D001072
14922,Disease::DOID:10534,PRESENTS,Symptom::D010149
14923,Disease::DOID:3565,PRESENTS,Symptom::D003128
14924,Disease::DOID:2043,PRESENTS,Symptom::D011695
14925,Disease::DOID:1192,PRESENTS,Symptom::D004614
14926,Disease::DOID:9296,PRESENTS,Symptom::D004410
14927,Disease::DOID:594,PRESENTS,Symptom::D004244
14928,Disease::DOID:1612,PRESENTS,Symptom::D009437
14929,Disease::DOID:1324,PRESENTS,Symptom::D003967
14930,Disease::DOID:263,PRESENTS,Symptom::D005334
14931,Disease::DOID:14330,PRESENTS,Symptom::D003221
14932,Disease::DOID:10608,PRESENTS,Symptom::D000006
14933,Disease::DOID:2377,PRESENTS,Symptom::D013035
14934,Disease::DOID:8577,PRESENTS,Symptom::D009325
14935,Disease::DOID:12361,PRESENTS,Symptom::D006987
14936,Disease::DOID:10763,PRESENTS,Symptom::D011602
14937,Disease::DOID:4989,PRESENTS,Symptom::D007565
14938,Disease::DOID:10941,PRESENTS,Symptom::D015354
14939,Disease::DOID:8893,PRESENTS,Symptom::D011693
14940,Disease::DOID:1790,PRESENTS,Symptom::D005334
14941,Disease::DOID:12361,PRESENTS,Symptom::D010243
14942,Disease::DOID:11476,PRESENTS,Symptom::D004487
14943,Disease::DOID:1319,PRESENTS,Symptom::D013035
14944,Disease::DOID:332,PRESENTS,Symptom::D011782
14945,Disease::DOID:9970,PRESENTS,Symptom::D050177
14946,Disease::DOID:14268,PRESENTS,Symptom::D011537
14947,Disease::DOID:7148,PRESENTS,Symptom::D011693
14948,Disease::DOID:1595,PRESENTS,Symptom::D007024
14949,Disease::DOID:986,PRESENTS,Symptom::D004314
14950,Disease::DOID:5419,PRESENTS,Symptom::D006816
14951,Disease::DOID:3312,PRESENTS,Symptom::D004409
14952,Disease::DOID:4362,PRESENTS,Symptom::D009846
14953,Disease::DOID:7148,PRESENTS,Symptom::D012585
14954,Disease::DOID:184,PRESENTS,Symptom::D010149
14955,Disease::DOID:10941,PRESENTS,Symptom::D006732
14956,Disease::DOID:1094,PRESENTS,Symptom::D000381
14957,Disease::DOID:0050425,PRESENTS,Symptom::D020181
14958,Disease::DOID:2994,PRESENTS,Symptom::D020335
14959,Disease::DOID:2377,PRESENTS,Symptom::D006606
14960,Disease::DOID:3565,PRESENTS,Symptom::D006312
14961,Disease::DOID:4045,PRESENTS,Symptom::D006685
14962,Disease::DOID:12361,PRESENTS,Symptom::D009886
14963,Disease::DOID:11934,PRESENTS,Symptom::D046088
14964,Disease::DOID:8577,PRESENTS,Symptom::D011695
14965,Disease::DOID:2531,PRESENTS,Symptom::D003967
14966,Disease::DOID:14330,PRESENTS,Symptom::D007319
14967,Disease::DOID:2355,PRESENTS,Symptom::D000006
14968,Disease::DOID:9744,PRESENTS,Symptom::D002032
14969,Disease::DOID:2355,PRESENTS,Symptom::D005183
14970,Disease::DOID:1781,PRESENTS,Symptom::D059606
14971,Disease::DOID:4045,PRESENTS,Symptom::D010243
14972,Disease::DOID:1192,PRESENTS,Symptom::D012585
14973,Disease::DOID:10283,PRESENTS,Symptom::D004487
14974,Disease::DOID:8850,PRESENTS,Symptom::D006319
14975,Disease::DOID:3070,PRESENTS,Symptom::D006319
14976,Disease::DOID:6364,PRESENTS,Symptom::D004244
14977,Disease::DOID:11054,PRESENTS,Symptom::D001835
14978,Disease::DOID:10021,PRESENTS,Symptom::D003085
14979,Disease::DOID:0050741,PRESENTS,Symptom::D019588
14980,Disease::DOID:784,PRESENTS,Symptom::D000419
14981,Disease::DOID:11054,PRESENTS,Symptom::D021501
14982,Disease::DOID:1790,PRESENTS,Symptom::D002637
14983,Disease::DOID:1826,PRESENTS,Symptom::D013575
14984,Disease::DOID:1115,PRESENTS,Symptom::D017699
14985,Disease::DOID:3565,PRESENTS,Symptom::D019547
14986,Disease::DOID:3070,PRESENTS,Symptom::D019080
14987,Disease::DOID:332,PRESENTS,Symptom::D009133
14988,Disease::DOID:1595,PRESENTS,Symptom::D010146
14989,Disease::DOID:5612,PRESENTS,Symptom::D010243
14990,Disease::DOID:4989,PRESENTS,Symptom::D006930
14991,Disease::DOID:2377,PRESENTS,Symptom::D001750
14992,Disease::DOID:2377,PRESENTS,Symptom::D009886
14993,Disease::DOID:184,PRESENTS,Symptom::D010291
14994,Disease::DOID:7148,PRESENTS,Symptom::D010292
14995,Disease::DOID:594,PRESENTS,Symptom::D017109
14996,Disease::DOID:10941,PRESENTS,Symptom::D001037
14997,Disease::DOID:3571,PRESENTS,Symptom::D009325
14998,Disease::DOID:4045,PRESENTS,Symptom::D001750
14999,Disease::DOID:6364,PRESENTS,Symptom::D014098
15000,Disease::DOID:9206,PRESENTS,Symptom::D002637
15001,Disease::DOID:1115,PRESENTS,Symptom::D004438
15002,Disease::DOID:1192,PRESENTS,Symptom::D006317
15003,Disease::DOID:8850,PRESENTS,Symptom::D004433
15004,Disease::DOID:263,PRESENTS,Symptom::D012585
15005,Disease::DOID:3565,PRESENTS,Symptom::D001416
15006,Disease::DOID:7147,PRESENTS,Symptom::D012585
15007,Disease::DOID:2043,PRESENTS,Symptom::D011693
15008,Disease::DOID:363,PRESENTS,Symptom::D010149
15009,Disease::DOID:10763,PRESENTS,Symptom::D005311
15010,Disease::DOID:1909,PRESENTS,Symptom::D015354
15011,Disease::DOID:6364,PRESENTS,Symptom::D015875
15012,Disease::DOID:184,PRESENTS,Symptom::D009886
15013,Disease::DOID:11934,PRESENTS,Symptom::D006261
15014,Disease::DOID:13378,PRESENTS,Symptom::D006319
15015,Disease::DOID:10871,PRESENTS,Symptom::D012607
15016,Disease::DOID:10871,PRESENTS,Symptom::D001766
15017,Disease::DOID:2994,PRESENTS,Symptom::D001750
15018,Disease::DOID:2377,PRESENTS,Symptom::D010292
15019,Disease::DOID:2994,PRESENTS,Symptom::D001926
15020,Disease::DOID:10534,PRESENTS,Symptom::D014839
15021,Disease::DOID:1459,PRESENTS,Symptom::D001247
15022,Disease::DOID:3565,PRESENTS,Symptom::D006311
15023,Disease::DOID:2841,PRESENTS,Symptom::D012913
15024,Disease::DOID:2174,PRESENTS,Symptom::D004172
15025,Disease::DOID:12306,PRESENTS,Symptom::D004314
15026,Disease::DOID:2355,PRESENTS,Symptom::D045262
15027,Disease::DOID:184,PRESENTS,Symptom::D059352
15028,Disease::DOID:9296,PRESENTS,Symptom::D034381
15029,Disease::DOID:3121,PRESENTS,Symptom::D014839
15030,Disease::DOID:2355,PRESENTS,Symptom::D000472
15031,Disease::DOID:9970,PRESENTS,Symptom::D011218
15032,Disease::DOID:594,PRESENTS,Symptom::D012893
15033,Disease::DOID:1245,PRESENTS,Symptom::D004487
15034,Disease::DOID:7693,PRESENTS,Symptom::D006396
15035,Disease::DOID:1781,PRESENTS,Symptom::D006469
15036,Disease::DOID:2994,PRESENTS,Symptom::D012166
15037,Disease::DOID:10608,PRESENTS,Symptom::D013746
15038,Disease::DOID:9074,PRESENTS,Symptom::D002389
15039,Disease::DOID:2174,PRESENTS,Symptom::D003638
15040,Disease::DOID:12930,PRESENTS,Symptom::D006337
15041,Disease::DOID:4481,PRESENTS,Symptom::D006261
15042,Disease::DOID:11119,PRESENTS,Symptom::D006948
15043,Disease::DOID:14330,PRESENTS,Symptom::D012893
15044,Disease::DOID:184,PRESENTS,Symptom::D004487
15045,Disease::DOID:2355,PRESENTS,Symptom::D005221
15046,Disease::DOID:263,PRESENTS,Symptom::D009846
15047,Disease::DOID:1319,PRESENTS,Symptom::D014103
15048,Disease::DOID:0060119,PRESENTS,Symptom::D006685
15049,Disease::DOID:2174,PRESENTS,Symptom::D004487
15050,Disease::DOID:5875,PRESENTS,Symptom::D003968
15051,Disease::DOID:2596,PRESENTS,Symptom::D001044
15052,Disease::DOID:10941,PRESENTS,Symptom::D000857
15053,Disease::DOID:363,PRESENTS,Symptom::D019584
15054,Disease::DOID:1826,PRESENTS,Symptom::D014474
15055,Disease::DOID:12930,PRESENTS,Symptom::D007625
15056,Disease::DOID:10534,PRESENTS,Symptom::D015431
15057,Disease::DOID:5612,PRESENTS,Symptom::D014549
15058,Disease::DOID:184,PRESENTS,Symptom::D004433
15059,Disease::DOID:11054,PRESENTS,Symptom::D055948
15060,Disease::DOID:3070,PRESENTS,Symptom::D011596
15061,Disease::DOID:7148,PRESENTS,Symptom::D009437
15062,Disease::DOID:3070,PRESENTS,Symptom::D005158
15063,Disease::DOID:9296,PRESENTS,Symptom::D007806
15064,Disease::DOID:7693,PRESENTS,Symptom::D000006
15065,Disease::DOID:1319,PRESENTS,Symptom::D006319
15066,Disease::DOID:1595,PRESENTS,Symptom::D015430
15067,Disease::DOID:3070,PRESENTS,Symptom::D010468
15068,Disease::DOID:0050741,PRESENTS,Symptom::D020270
15069,Disease::DOID:13241,PRESENTS,Symptom::D015746
15070,Disease::DOID:1993,PRESENTS,Symptom::D005221
15071,Disease::DOID:3565,PRESENTS,Symptom::D002558
15072,Disease::DOID:1319,PRESENTS,Symptom::D020324
15073,Disease::DOID:1781,PRESENTS,Symptom::D010243
15074,Disease::DOID:7148,PRESENTS,Symptom::D010243
15075,Disease::DOID:1459,PRESENTS,Symptom::D003248
15076,Disease::DOID:10652,PRESENTS,Symptom::D018888
15077,Disease::DOID:2355,PRESENTS,Symptom::D003410
15078,Disease::DOID:1319,PRESENTS,Symptom::D014474
15079,Disease::DOID:3070,PRESENTS,Symptom::D012678
15080,Disease::DOID:9744,PRESENTS,Symptom::D001766
15081,Disease::DOID:12849,PRESENTS,Symptom::D012001
15082,Disease::DOID:7148,PRESENTS,Symptom::D009325
15083,Disease::DOID:4362,PRESENTS,Symptom::D004487
15084,Disease::DOID:263,PRESENTS,Symptom::D003967
15085,Disease::DOID:5559,PRESENTS,Symptom::D002524
15086,Disease::DOID:2377,PRESENTS,Symptom::D054971
15087,Disease::DOID:635,PRESENTS,Symptom::D011697
15088,Disease::DOID:10976,PRESENTS,Symptom::D011507
15089,Disease::DOID:14004,PRESENTS,Symptom::D005335
15090,Disease::DOID:12306,PRESENTS,Symptom::D011537
15091,Disease::DOID:9835,PRESENTS,Symptom::D058447
15092,Disease::DOID:1993,PRESENTS,Symptom::D010149
15093,Disease::DOID:1595,PRESENTS,Symptom::D006816
15094,Disease::DOID:14330,PRESENTS,Symptom::D020240
15095,Disease::DOID:2355,PRESENTS,Symptom::D011697
15096,Disease::DOID:8893,PRESENTS,Symptom::D006942
15097,Disease::DOID:3953,PRESENTS,Symptom::D002637
15098,Disease::DOID:3953,PRESENTS,Symptom::D005132
15099,Disease::DOID:0060119,PRESENTS,Symptom::D019547
15100,Disease::DOID:2377,PRESENTS,Symptom::D020078
15101,Disease::DOID:418,PRESENTS,Symptom::D013035
15102,Disease::DOID:3953,PRESENTS,Symptom::D003967
15103,Disease::DOID:4362,PRESENTS,Symptom::D001724
15104,Disease::DOID:12365,PRESENTS,Symptom::D005311
15105,Disease::DOID:5612,PRESENTS,Symptom::D018908
15106,Disease::DOID:5419,PRESENTS,Symptom::D007859
15107,Disease::DOID:10941,PRESENTS,Symptom::D008569
15108,Disease::DOID:784,PRESENTS,Symptom::D000789
15109,Disease::DOID:5408,PRESENTS,Symptom::D013035
15110,Disease::DOID:1319,PRESENTS,Symptom::D014717
15111,Disease::DOID:1324,PRESENTS,Symptom::D014839
15112,Disease::DOID:3121,PRESENTS,Symptom::D015746
15113,Disease::DOID:14330,PRESENTS,Symptom::D009120
15114,Disease::DOID:12361,PRESENTS,Symptom::D004172
15115,Disease::DOID:2355,PRESENTS,Symptom::D004415
15116,Disease::DOID:12849,PRESENTS,Symptom::D004454
15117,Disease::DOID:11239,PRESENTS,Symptom::D000006
15118,Disease::DOID:11934,PRESENTS,Symptom::D014717
15119,Disease::DOID:1024,PRESENTS,Symptom::D001766
15120,Disease::DOID:10871,PRESENTS,Symptom::D000550
15121,Disease::DOID:10608,PRESENTS,Symptom::D004314
15122,Disease::DOID:3565,PRESENTS,Symptom::D003638
15123,Disease::DOID:1595,PRESENTS,Symptom::D003221
15124,Disease::DOID:1993,PRESENTS,Symptom::D014840
15125,Disease::DOID:5419,PRESENTS,Symptom::D062706
15126,Disease::DOID:7147,PRESENTS,Symptom::D051346
15127,Disease::DOID:184,PRESENTS,Symptom::D014313
15128,Disease::DOID:3565,PRESENTS,Symptom::D005158
15129,Disease::DOID:363,PRESENTS,Symptom::D010146
15130,Disease::DOID:2841,PRESENTS,Symptom::D000472
15131,Disease::DOID:7148,PRESENTS,Symptom::D005221
15132,Disease::DOID:12849,PRESENTS,Symptom::D020886
15133,Disease::DOID:12361,PRESENTS,Symptom::D004314
15134,Disease::DOID:3565,PRESENTS,Symptom::D006319
15135,Disease::DOID:3070,PRESENTS,Symptom::D005862
15136,Disease::DOID:8398,PRESENTS,Symptom::D009437
15137,Disease::DOID:2994,PRESENTS,Symptom::D034381
15138,Disease::DOID:2994,PRESENTS,Symptom::D005183
15139,Disease::DOID:9835,PRESENTS,Symptom::D000550
15140,Disease::DOID:10283,PRESENTS,Symptom::D059373
15141,Disease::DOID:263,PRESENTS,Symptom::D011507
15142,Disease::DOID:14221,PRESENTS,Symptom::D000419
15143,Disease::DOID:2355,PRESENTS,Symptom::D001247
15144,Disease::DOID:12185,PRESENTS,Symptom::D012021
15145,Disease::DOID:3565,PRESENTS,Symptom::D019569
15146,Disease::DOID:1612,PRESENTS,Symptom::D001724
15147,Disease::DOID:11119,PRESENTS,Symptom::D002819
15148,Disease::DOID:3953,PRESENTS,Symptom::D015845
15149,Disease::DOID:2394,PRESENTS,Symptom::D014770
15150,Disease::DOID:1319,PRESENTS,Symptom::D002100
15151,Disease::DOID:184,PRESENTS,Symptom::D008998
15152,Disease::DOID:2394,PRESENTS,Symptom::D006628
15153,Disease::DOID:1094,PRESENTS,Symptom::D002032
15154,Disease::DOID:1993,PRESENTS,Symptom::D009325
15155,Disease::DOID:2994,PRESENTS,Symptom::D004411
15156,Disease::DOID:1793,PRESENTS,Symptom::D004415
15157,Disease::DOID:2596,PRESENTS,Symptom::D003371
15158,Disease::DOID:332,PRESENTS,Symptom::D020754
15159,Disease::DOID:2355,PRESENTS,Symptom::D010146
15160,Disease::DOID:14330,PRESENTS,Symptom::D011596
15161,Disease::DOID:2994,PRESENTS,Symptom::D014826
15162,Disease::DOID:2377,PRESENTS,Symptom::D014103
15163,Disease::DOID:3565,PRESENTS,Symptom::D065634
15164,Disease::DOID:0060119,PRESENTS,Symptom::D014826
15165,Disease::DOID:418,PRESENTS,Symptom::D004487
15166,Disease::DOID:1686,PRESENTS,Symptom::D012607
15167,Disease::DOID:10976,PRESENTS,Symptom::D004487
15168,Disease::DOID:8778,PRESENTS,Symptom::D011695
15169,Disease::DOID:9744,PRESENTS,Symptom::D011141
15170,Disease::DOID:13189,PRESENTS,Symptom::D007926
15171,Disease::DOID:8577,PRESENTS,Symptom::D011696
15172,Disease::DOID:12365,PRESENTS,Symptom::D003128
15173,Disease::DOID:5612,PRESENTS,Symptom::D009123
15174,Disease::DOID:7693,PRESENTS,Symptom::D007035
15175,Disease::DOID:2355,PRESENTS,Symptom::D002303
15176,Disease::DOID:10652,PRESENTS,Symptom::D013494
15177,Disease::DOID:5041,PRESENTS,Symptom::D010146
15178,Disease::DOID:11476,PRESENTS,Symptom::D007706
15179,Disease::DOID:2043,PRESENTS,Symptom::D004314
15180,Disease::DOID:3312,PRESENTS,Symptom::D012893
15181,Disease::DOID:10763,PRESENTS,Symptom::D012166
15182,Disease::DOID:0050425,PRESENTS,Symptom::D020920
15183,Disease::DOID:8893,PRESENTS,Symptom::D005157
15184,Disease::DOID:1459,PRESENTS,Symptom::D000787
15185,Disease::DOID:1459,PRESENTS,Symptom::D034381
15186,Disease::DOID:11714,PRESENTS,Symptom::D005311
15187,Disease::DOID:1826,PRESENTS,Symptom::D019462
15188,Disease::DOID:1725,PRESENTS,Symptom::D000855
15189,Disease::DOID:3565,PRESENTS,Symptom::D000647
15190,Disease::DOID:9835,PRESENTS,Symptom::D004172
15191,Disease::DOID:13189,PRESENTS,Symptom::D004487
15192,Disease::DOID:11934,PRESENTS,Symptom::D003638
15193,Disease::DOID:9074,PRESENTS,Symptom::D016553
15194,Disease::DOID:2355,PRESENTS,Symptom::D008607
15195,Disease::DOID:11934,PRESENTS,Symptom::D013651
15196,Disease::DOID:7693,PRESENTS,Symptom::D000787
15197,Disease::DOID:13223,PRESENTS,Symptom::D004487
15198,Disease::DOID:2394,PRESENTS,Symptom::D000855
15199,Disease::DOID:1793,PRESENTS,Symptom::D015431
15200,Disease::DOID:7693,PRESENTS,Symptom::D010291
15201,Disease::DOID:10652,PRESENTS,Symptom::D053202
15202,Disease::DOID:635,PRESENTS,Symptom::D001766
15203,Disease::DOID:11949,PRESENTS,Symptom::D057178
15204,Disease::DOID:2994,PRESENTS,Symptom::D015746
15205,Disease::DOID:10608,PRESENTS,Symptom::D015746
15206,Disease::DOID:9744,PRESENTS,Symptom::D003117
15207,Disease::DOID:11934,PRESENTS,Symptom::D010148
15208,Disease::DOID:11054,PRESENTS,Symptom::D053584
15209,Disease::DOID:1964,PRESENTS,Symptom::D015746
15210,Disease::DOID:14330,PRESENTS,Symptom::D005221
15211,Disease::DOID:4481,PRESENTS,Symptom::D000857
15212,Disease::DOID:1790,PRESENTS,Symptom::D003371
15213,Disease::DOID:2841,PRESENTS,Symptom::D002637
15214,Disease::DOID:1612,PRESENTS,Symptom::D020250
15215,Disease::DOID:5875,PRESENTS,Symptom::D009461
15216,Disease::DOID:1094,PRESENTS,Symptom::D003147
15217,Disease::DOID:2994,PRESENTS,Symptom::D006313
15218,Disease::DOID:1094,PRESENTS,Symptom::D006948
15219,Disease::DOID:1319,PRESENTS,Symptom::D001926
15220,Disease::DOID:216,PRESENTS,Symptom::D005183
15221,Disease::DOID:10534,PRESENTS,Symptom::D002100
15222,Disease::DOID:13241,PRESENTS,Symptom::D009912
15223,Disease::DOID:1595,PRESENTS,Symptom::D011304
15224,Disease::DOID:2043,PRESENTS,Symptom::D012877
15225,Disease::DOID:0050741,PRESENTS,Symptom::D014202
15226,Disease::DOID:1115,PRESENTS,Symptom::D006337
15227,Disease::DOID:8893,PRESENTS,Symptom::D004487
15228,Disease::DOID:784,PRESENTS,Symptom::D012893
15229,Disease::DOID:2355,PRESENTS,Symptom::D054068
15230,Disease::DOID:2994,PRESENTS,Symptom::D014839
15231,Disease::DOID:5612,PRESENTS,Symptom::D020336
15232,Disease::DOID:332,PRESENTS,Symptom::D020828
15233,Disease::DOID:1192,PRESENTS,Symptom::D000370
15234,Disease::DOID:11934,PRESENTS,Symptom::D001184
15235,Disease::DOID:1094,PRESENTS,Symptom::D005600
15236,Disease::DOID:10021,PRESENTS,Symptom::D003967
15237,Disease::DOID:4362,PRESENTS,Symptom::D014550
15238,Disease::DOID:14330,PRESENTS,Symptom::D020235
15239,Disease::DOID:784,PRESENTS,Symptom::D000860
15240,Disease::DOID:7148,PRESENTS,Symptom::D000270
15241,Disease::DOID:585,PRESENTS,Symptom::D010146
15242,Disease::DOID:4989,PRESENTS,Symptom::D006942
15243,Disease::DOID:4989,PRESENTS,Symptom::D003085
15244,Disease::DOID:10763,PRESENTS,Symptom::D020181
15245,Disease::DOID:5612,PRESENTS,Symptom::D020233
15246,Disease::DOID:5419,PRESENTS,Symptom::D007331
15247,Disease::DOID:0050425,PRESENTS,Symptom::D012148
15248,Disease::DOID:184,PRESENTS,Symptom::D006314
15249,Disease::DOID:11949,PRESENTS,Symptom::D001037
15250,Disease::DOID:2994,PRESENTS,Symptom::D006988
15251,Disease::DOID:263,PRESENTS,Symptom::D000860
15252,Disease::DOID:2174,PRESENTS,Symptom::D009755
15253,Disease::DOID:12365,PRESENTS,Symptom::D003967
15254,Disease::DOID:14330,PRESENTS,Symptom::D051346
15255,Disease::DOID:635,PRESENTS,Symptom::D003967
15256,Disease::DOID:2841,PRESENTS,Symptom::D012893
15257,Disease::DOID:5559,PRESENTS,Symptom::D010264
15258,Disease::DOID:2994,PRESENTS,Symptom::D016534
15259,Disease::DOID:11819,PRESENTS,Symptom::D010146
15260,Disease::DOID:11934,PRESENTS,Symptom::D006312
15261,Disease::DOID:1964,PRESENTS,Symptom::D004487
15262,Disease::DOID:2994,PRESENTS,Symptom::D019080
15263,Disease::DOID:5419,PRESENTS,Symptom::D004409
15264,Disease::DOID:10941,PRESENTS,Symptom::D001926
15265,Disease::DOID:9296,PRESENTS,Symptom::D003638
15266,Disease::DOID:3312,PRESENTS,Symptom::D002819
15267,Disease::DOID:14330,PRESENTS,Symptom::D020233
15268,Disease::DOID:2174,PRESENTS,Symptom::D009886
15269,Disease::DOID:5875,PRESENTS,Symptom::D001416
15270,Disease::DOID:3571,PRESENTS,Symptom::D000855
15271,Disease::DOID:986,PRESENTS,Symptom::D002422
15272,Disease::DOID:4159,PRESENTS,Symptom::D009912
15273,Disease::DOID:1094,PRESENTS,Symptom::D011595
15274,Disease::DOID:1909,PRESENTS,Symptom::D011537
15275,Disease::DOID:10941,PRESENTS,Symptom::D010291
15276,Disease::DOID:2377,PRESENTS,Symptom::D005207
15277,Disease::DOID:1612,PRESENTS,Symptom::D002100
15278,Disease::DOID:11054,PRESENTS,Symptom::D014549
15279,Disease::DOID:6364,PRESENTS,Symptom::D006429
15280,Disease::DOID:10871,PRESENTS,Symptom::D006212
15281,Disease::DOID:12849,PRESENTS,Symptom::D015518
15282,Disease::DOID:5612,PRESENTS,Symptom::D009461
15283,Disease::DOID:12236,PRESENTS,Symptom::D016553
15284,Disease::DOID:2377,PRESENTS,Symptom::D001072
15285,Disease::DOID:13223,PRESENTS,Symptom::D014550
15286,Disease::DOID:1790,PRESENTS,Symptom::D006469
15287,Disease::DOID:8398,PRESENTS,Symptom::D018771
15288,Disease::DOID:0050741,PRESENTS,Symptom::D006941
15289,Disease::DOID:6364,PRESENTS,Symptom::D000647
15290,Disease::DOID:1909,PRESENTS,Symptom::D003085
15291,Disease::DOID:3310,PRESENTS,Symptom::D011538
15292,Disease::DOID:1909,PRESENTS,Symptom::D018908
15293,Disease::DOID:7147,PRESENTS,Symptom::D009437
15294,Disease::DOID:10283,PRESENTS,Symptom::D053448
15295,Disease::DOID:6364,PRESENTS,Symptom::D006941
15296,Disease::DOID:1094,PRESENTS,Symptom::D020189
15297,Disease::DOID:9835,PRESENTS,Symptom::D012607
15298,Disease::DOID:9074,PRESENTS,Symptom::D020757
15299,Disease::DOID:1595,PRESENTS,Symptom::D020178
15300,Disease::DOID:10941,PRESENTS,Symptom::D003244
15301,Disease::DOID:10652,PRESENTS,Symptom::D001037
15302,Disease::DOID:10652,PRESENTS,Symptom::D003693
15303,Disease::DOID:219,PRESENTS,Symptom::D005335
15304,Disease::DOID:332,PRESENTS,Symptom::D013494
15305,Disease::DOID:8398,PRESENTS,Symptom::D059350
15306,Disease::DOID:3312,PRESENTS,Symptom::D006948
15307,Disease::DOID:1826,PRESENTS,Symptom::D006985
15308,Disease::DOID:10941,PRESENTS,Symptom::D013035
15309,Disease::DOID:11476,PRESENTS,Symptom::D018771
15310,Disease::DOID:3083,PRESENTS,Symptom::D018496
15311,Disease::DOID:1245,PRESENTS,Symptom::D011539
15312,Disease::DOID:2994,PRESENTS,Symptom::D006261
15313,Disease::DOID:7148,PRESENTS,Symptom::D002819
15314,Disease::DOID:3277,PRESENTS,Symptom::D009207
15315,Disease::DOID:5875,PRESENTS,Symptom::D015746
15316,Disease::DOID:1459,PRESENTS,Symptom::D009222
15317,Disease::DOID:4481,PRESENTS,Symptom::D020078
15318,Disease::DOID:10652,PRESENTS,Symptom::D019954
15319,Disease::DOID:1826,PRESENTS,Symptom::D001037
15320,Disease::DOID:2994,PRESENTS,Symptom::D000647
15321,Disease::DOID:418,PRESENTS,Symptom::D012877
15322,Disease::DOID:2355,PRESENTS,Symptom::D000860
15323,Disease::DOID:6364,PRESENTS,Symptom::D006930
15324,Disease::DOID:2994,PRESENTS,Symptom::D010243
15325,Disease::DOID:1725,PRESENTS,Symptom::D009325
15326,Disease::DOID:5419,PRESENTS,Symptom::D007088
15327,Disease::DOID:7693,PRESENTS,Symptom::D053591
15328,Disease::DOID:784,PRESENTS,Symptom::D011507
15329,Disease::DOID:1319,PRESENTS,Symptom::D005158
15330,Disease::DOID:9744,PRESENTS,Symptom::D005884
15331,Disease::DOID:10534,PRESENTS,Symptom::D005334
15332,Disease::DOID:10763,PRESENTS,Symptom::D004487
15333,Disease::DOID:1612,PRESENTS,Symptom::D020920
15334,Disease::DOID:0060119,PRESENTS,Symptom::D013064
15335,Disease::DOID:9074,PRESENTS,Symptom::D011507
15336,Disease::DOID:4481,PRESENTS,Symptom::D009058
15337,Disease::DOID:1595,PRESENTS,Symptom::D020186
15338,Disease::DOID:184,PRESENTS,Symptom::D001750
15339,Disease::DOID:10871,PRESENTS,Symptom::D015877
15340,Disease::DOID:585,PRESENTS,Symptom::D007926
15341,Disease::DOID:5612,PRESENTS,Symptom::D010291
15342,Disease::DOID:12361,PRESENTS,Symptom::D009461
15343,Disease::DOID:2377,PRESENTS,Symptom::D011782
15344,Disease::DOID:1909,PRESENTS,Symptom::D001766
15345,Disease::DOID:10021,PRESENTS,Symptom::D004415
15346,Disease::DOID:0050741,PRESENTS,Symptom::D011596
15347,Disease::DOID:1319,PRESENTS,Symptom::D008569
15348,Disease::DOID:7148,PRESENTS,Symptom::D015845
15349,Disease::DOID:1909,PRESENTS,Symptom::D055154
15350,Disease::DOID:1319,PRESENTS,Symptom::D020234
15351,Disease::DOID:635,PRESENTS,Symptom::D019588
15352,Disease::DOID:184,PRESENTS,Symptom::D051346
15353,Disease::DOID:5408,PRESENTS,Symptom::D014012
15354,Disease::DOID:1595,PRESENTS,Symptom::D005222
15355,Disease::DOID:6364,PRESENTS,Symptom::D013035
15356,Disease::DOID:14330,PRESENTS,Symptom::D001264
15357,Disease::DOID:3565,PRESENTS,Symptom::D012678
15358,Disease::DOID:1094,PRESENTS,Symptom::D012913
15359,Disease::DOID:2994,PRESENTS,Symptom::D017699
15360,Disease::DOID:2377,PRESENTS,Symptom::D001264
15361,Disease::DOID:11949,PRESENTS,Symptom::D002524
15362,Disease::DOID:11949,PRESENTS,Symptom::D004421
15363,Disease::DOID:1612,PRESENTS,Symptom::D015430
15364,Disease::DOID:9744,PRESENTS,Symptom::D011507
15365,Disease::DOID:9835,PRESENTS,Symptom::D015878
15366,Disease::DOID:9074,PRESENTS,Symptom::D000419
15367,Disease::DOID:1595,PRESENTS,Symptom::D008607
15368,Disease::DOID:1826,PRESENTS,Symptom::D002524
15369,Disease::DOID:1319,PRESENTS,Symptom::D019080
15370,Disease::DOID:1024,PRESENTS,Symptom::D009912
15371,Disease::DOID:2377,PRESENTS,Symptom::D006311
15372,Disease::DOID:11819,PRESENTS,Symptom::D021501
15373,Disease::DOID:10608,PRESENTS,Symptom::D014839
15374,Disease::DOID:0060119,PRESENTS,Symptom::D009461
15375,Disease::DOID:12306,PRESENTS,Symptom::D019588
15376,Disease::DOID:3277,PRESENTS,Symptom::D016553
15377,Disease::DOID:1612,PRESENTS,Symptom::D010149
15378,Disease::DOID:8893,PRESENTS,Symptom::D014008
15379,Disease::DOID:1612,PRESENTS,Symptom::D059350
15380,Disease::DOID:184,PRESENTS,Symptom::D010146
15381,Disease::DOID:1459,PRESENTS,Symptom::D005183
15382,Disease::DOID:8778,PRESENTS,Symptom::D018771
15383,Disease::DOID:8986,PRESENTS,Symptom::D006970
15384,Disease::DOID:13241,PRESENTS,Symptom::D006261
15385,Disease::DOID:3070,PRESENTS,Symptom::D013064
15386,Disease::DOID:1115,PRESENTS,Symptom::D006685
15387,Disease::DOID:4362,PRESENTS,Symptom::D000855
15388,Disease::DOID:12849,PRESENTS,Symptom::D012678
15389,Disease::DOID:1319,PRESENTS,Symptom::D006313
15390,Disease::DOID:14330,PRESENTS,Symptom::D001259
15391,Disease::DOID:12995,PRESENTS,Symptom::D008607
15392,Disease::DOID:1319,PRESENTS,Symptom::D053609
15393,Disease::DOID:13241,PRESENTS,Symptom::D006312
15394,Disease::DOID:0050741,PRESENTS,Symptom::D020915
15395,Disease::DOID:4362,PRESENTS,Symptom::D005335
15396,Disease::DOID:2355,PRESENTS,Symptom::D001260
15397,Disease::DOID:3121,PRESENTS,Symptom::D000006
15398,Disease::DOID:4159,PRESENTS,Symptom::D014008
15399,Disease::DOID:3565,PRESENTS,Symptom::D014474
15400,Disease::DOID:11934,PRESENTS,Symptom::D002100
15401,Disease::DOID:13499,PRESENTS,Symptom::D003085
15402,Disease::DOID:12365,PRESENTS,Symptom::D007565
15403,Disease::DOID:10534,PRESENTS,Symptom::D016553
15404,Disease::DOID:5559,PRESENTS,Symptom::D014826
15405,Disease::DOID:2174,PRESENTS,Symptom::D012607
15406,Disease::DOID:6364,PRESENTS,Symptom::D010148
15407,Disease::DOID:175,PRESENTS,Symptom::D004487
15408,Disease::DOID:14330,PRESENTS,Symptom::D014202
15409,Disease::DOID:1324,PRESENTS,Symptom::D003221
15410,Disease::DOID:11054,PRESENTS,Symptom::D009325
15411,Disease::DOID:2394,PRESENTS,Symptom::D000006
15412,Disease::DOID:8850,PRESENTS,Symptom::D012678
15413,Disease::DOID:9074,PRESENTS,Symptom::D011694
15414,Disease::DOID:11054,PRESENTS,Symptom::D017699
15415,Disease::DOID:9296,PRESENTS,Symptom::D003490
15416,Disease::DOID:14330,PRESENTS,Symptom::D002375
15417,Disease::DOID:8577,PRESENTS,Symptom::D003085
15418,Disease::DOID:13223,PRESENTS,Symptom::D010149
15419,Disease::DOID:4159,PRESENTS,Symptom::D004438
15420,Disease::DOID:119,PRESENTS,Symptom::D011602
15421,Disease::DOID:332,PRESENTS,Symptom::D000860
15422,Disease::DOID:11555,PRESENTS,Symptom::D015354
15423,Disease::DOID:1826,PRESENTS,Symptom::D013342
15424,Disease::DOID:10283,PRESENTS,Symptom::D017699
15425,Disease::DOID:8577,PRESENTS,Symptom::D003968
15426,Disease::DOID:1115,PRESENTS,Symptom::D005334
15427,Disease::DOID:90,PRESENTS,Symptom::D017116
15428,Disease::DOID:418,PRESENTS,Symptom::D009912
15429,Disease::DOID:3565,PRESENTS,Symptom::D012607
15430,Disease::DOID:3565,PRESENTS,Symptom::D015354
15431,Disease::DOID:9835,PRESENTS,Symptom::D011681
15432,Disease::DOID:332,PRESENTS,Symptom::D004401
15433,Disease::DOID:1686,PRESENTS,Symptom::D000550
15434,Disease::DOID:219,PRESENTS,Symptom::D005334
15435,Disease::DOID:1686,PRESENTS,Symptom::D020757
15436,Disease::DOID:2355,PRESENTS,Symptom::D006337
15437,Disease::DOID:0060119,PRESENTS,Symptom::D013575
15438,Disease::DOID:1324,PRESENTS,Symptom::D001247
15439,Disease::DOID:1245,PRESENTS,Symptom::D011537
15440,Disease::DOID:216,PRESENTS,Symptom::D013651
15441,Disease::DOID:14330,PRESENTS,Symptom::D062706
15442,Disease::DOID:9074,PRESENTS,Symptom::D002637
15443,Disease::DOID:11615,PRESENTS,Symptom::D004487
15444,Disease::DOID:1612,PRESENTS,Symptom::D014840
15445,Disease::DOID:5612,PRESENTS,Symptom::D001750
15446,Disease::DOID:1459,PRESENTS,Symptom::D004314
15447,Disease::DOID:12930,PRESENTS,Symptom::D004417
15448,Disease::DOID:4045,PRESENTS,Symptom::D017699
15449,Disease::DOID:418,PRESENTS,Symptom::D011696
15450,Disease::DOID:2994,PRESENTS,Symptom::D005132
15451,Disease::DOID:5559,PRESENTS,Symptom::D020335
15452,Disease::DOID:10763,PRESENTS,Symptom::D018980
15453,Disease::DOID:175,PRESENTS,Symptom::D005335
15454,Disease::DOID:10652,PRESENTS,Symptom::D057178
15455,Disease::DOID:635,PRESENTS,Symptom::D005183
15456,Disease::DOID:1793,PRESENTS,Symptom::D014474
15457,Disease::DOID:2994,PRESENTS,Symptom::D006396
15458,Disease::DOID:175,PRESENTS,Symptom::D010264
15459,Disease::DOID:10534,PRESENTS,Symptom::D006939
15460,Disease::DOID:1192,PRESENTS,Symptom::D006315
15461,Disease::DOID:8986,PRESENTS,Symptom::D010243
15462,Disease::DOID:1324,PRESENTS,Symptom::D003371
15463,Disease::DOID:11934,PRESENTS,Symptom::D005926
15464,Disease::DOID:2377,PRESENTS,Symptom::D001037
15465,Disease::DOID:9008,PRESENTS,Symptom::D019547
15466,Disease::DOID:3070,PRESENTS,Symptom::D000381
15467,Disease::DOID:5612,PRESENTS,Symptom::D014103
15468,Disease::DOID:3571,PRESENTS,Symptom::D007565
15469,Disease::DOID:3312,PRESENTS,Symptom::D008607
15470,Disease::DOID:4159,PRESENTS,Symptom::D011538
15471,Disease::DOID:1725,PRESENTS,Symptom::D002100
15472,Disease::DOID:0060119,PRESENTS,Symptom::D034381
15473,Disease::DOID:2377,PRESENTS,Symptom::D004172
15474,Disease::DOID:2377,PRESENTS,Symptom::D018908
15475,Disease::DOID:3070,PRESENTS,Symptom::D006311
15476,Disease::DOID:1826,PRESENTS,Symptom::D005311
15477,Disease::DOID:3083,PRESENTS,Symptom::D051346
15478,Disease::DOID:8893,PRESENTS,Symptom::D012877
15479,Disease::DOID:1319,PRESENTS,Symptom::D018496
15480,Disease::DOID:6364,PRESENTS,Symptom::D012001
15481,Disease::DOID:13189,PRESENTS,Symptom::D006930
15482,Disease::DOID:1725,PRESENTS,Symptom::D041781
15483,Disease::DOID:219,PRESENTS,Symptom::D014839
15484,Disease::DOID:2994,PRESENTS,Symptom::D009155
15485,Disease::DOID:11934,PRESENTS,Symptom::D012913
15486,Disease::DOID:13241,PRESENTS,Symptom::D005158
15487,Disease::DOID:14330,PRESENTS,Symptom::D006606
15488,Disease::DOID:7147,PRESENTS,Symptom::D018771
15489,Disease::DOID:7148,PRESENTS,Symptom::D006356
15490,Disease::DOID:1192,PRESENTS,Symptom::D014012
15491,Disease::DOID:13378,PRESENTS,Symptom::D000787
15492,Disease::DOID:1781,PRESENTS,Symptom::D013746
15493,Disease::DOID:1192,PRESENTS,Symptom::D010291
15494,Disease::DOID:1094,PRESENTS,Symptom::D001308
15495,Disease::DOID:1115,PRESENTS,Symptom::D009886
15496,Disease::DOID:175,PRESENTS,Symptom::D003371
15497,Disease::DOID:1612,PRESENTS,Symptom::D000860
15498,Disease::DOID:1192,PRESENTS,Symptom::D002558
15499,Disease::DOID:1964,PRESENTS,Symptom::D000006
15500,Disease::DOID:1319,PRESENTS,Symptom::D005157
15501,Disease::DOID:0060119,PRESENTS,Symptom::D010243
15502,Disease::DOID:3565,PRESENTS,Symptom::D010243
15503,Disease::DOID:585,PRESENTS,Symptom::D010264
15504,Disease::DOID:1094,PRESENTS,Symptom::D004410
15505,Disease::DOID:4481,PRESENTS,Symptom::D002559
15506,Disease::DOID:13241,PRESENTS,Symptom::D005132
15507,Disease::DOID:0050741,PRESENTS,Symptom::D014474
15508,Disease::DOID:3083,PRESENTS,Symptom::D013851
15509,Disease::DOID:1595,PRESENTS,Symptom::D011596
15510,Disease::DOID:12361,PRESENTS,Symptom::D014826
15511,Disease::DOID:635,PRESENTS,Symptom::D012166
15512,Disease::DOID:1324,PRESENTS,Symptom::D010149
15513,Disease::DOID:7693,PRESENTS,Symptom::D056844
15514,Disease::DOID:12930,PRESENTS,Symptom::D002637
15515,Disease::DOID:9074,PRESENTS,Symptom::D004172
15516,Disease::DOID:7693,PRESENTS,Symptom::D016534
15517,Disease::DOID:2994,PRESENTS,Symptom::D014717
15518,Disease::DOID:332,PRESENTS,Symptom::D002524
15519,Disease::DOID:2377,PRESENTS,Symptom::D010146
15520,Disease::DOID:184,PRESENTS,Symptom::D019547
15521,Disease::DOID:1024,PRESENTS,Symptom::D018908
15522,Disease::DOID:8893,PRESENTS,Symptom::D004314
15523,Disease::DOID:12365,PRESENTS,Symptom::D009846
15524,Disease::DOID:8986,PRESENTS,Symptom::D006212
15525,Disease::DOID:9970,PRESENTS,Symptom::D015431
15526,Disease::DOID:8778,PRESENTS,Symptom::D004415
15527,Disease::DOID:2377,PRESENTS,Symptom::D007035
15528,Disease::DOID:1319,PRESENTS,Symptom::D001041
15529,Disease::DOID:1319,PRESENTS,Symptom::D010468
15530,Disease::DOID:2994,PRESENTS,Symptom::D006337
15531,Disease::DOID:11934,PRESENTS,Symptom::D000550
15532,Disease::DOID:4045,PRESENTS,Symptom::D009437
15533,Disease::DOID:8986,PRESENTS,Symptom::D009123
15534,Disease::DOID:585,PRESENTS,Symptom::D013746
15535,Disease::DOID:10652,PRESENTS,Symptom::D020178
15536,Disease::DOID:3070,PRESENTS,Symptom::D017116
15537,Disease::DOID:5419,PRESENTS,Symptom::D010468
15538,Disease::DOID:216,PRESENTS,Symptom::D004314
15539,Disease::DOID:6364,PRESENTS,Symptom::D009437
15540,Disease::DOID:635,PRESENTS,Symptom::D011537
15541,Disease::DOID:263,PRESENTS,Symptom::D004438
15542,Disease::DOID:0050156,PRESENTS,Symptom::D006356
15543,Disease::DOID:12185,PRESENTS,Symptom::D014012
15544,Disease::DOID:5612,PRESENTS,Symptom::D012678
15545,Disease::DOID:10283,PRESENTS,Symptom::D003967
15546,Disease::DOID:8398,PRESENTS,Symptom::D005157
15547,Disease::DOID:0050425,PRESENTS,Symptom::D020886
15548,Disease::DOID:3070,PRESENTS,Symptom::D000849
15549,Disease::DOID:594,PRESENTS,Symptom::D004417
15550,Disease::DOID:0050741,PRESENTS,Symptom::D003221
15551,Disease::DOID:4362,PRESENTS,Symptom::D015746
15552,Disease::DOID:594,PRESENTS,Symptom::D020188
15553,Disease::DOID:4159,PRESENTS,Symptom::D019080
15554,Disease::DOID:1459,PRESENTS,Symptom::D009133
15555,Disease::DOID:1595,PRESENTS,Symptom::D003248
15556,Disease::DOID:7148,PRESENTS,Symptom::D019547
15557,Disease::DOID:1826,PRESENTS,Symptom::D020183
15558,Disease::DOID:6364,PRESENTS,Symptom::D006985
15559,Disease::DOID:2841,PRESENTS,Symptom::D003371
15560,Disease::DOID:1595,PRESENTS,Symptom::D004244
15561,Disease::DOID:1909,PRESENTS,Symptom::D014786
15562,Disease::DOID:10534,PRESENTS,Symptom::D041781
15563,Disease::DOID:2355,PRESENTS,Symptom::D016532
15564,Disease::DOID:11920,PRESENTS,Symptom::D002637
15565,Disease::DOID:1192,PRESENTS,Symptom::D014826
15566,Disease::DOID:1024,PRESENTS,Symptom::D014786
15567,Disease::DOID:0060119,PRESENTS,Symptom::D019462
15568,Disease::DOID:1686,PRESENTS,Symptom::D006423
15569,Disease::DOID:11054,PRESENTS,Symptom::D053159
15570,Disease::DOID:3070,PRESENTS,Symptom::D001926
15571,Disease::DOID:10608,PRESENTS,Symptom::D003968
15572,Disease::DOID:11934,PRESENTS,Symptom::D001766
15573,Disease::DOID:1686,PRESENTS,Symptom::D006988
15574,Disease::DOID:3070,PRESENTS,Symptom::D004244
15575,Disease::DOID:14330,PRESENTS,Symptom::D020919
15576,Disease::DOID:1909,PRESENTS,Symptom::D005334
15577,Disease::DOID:784,PRESENTS,Symptom::D001750
15578,Disease::DOID:1686,PRESENTS,Symptom::D005130
15579,Disease::DOID:418,PRESENTS,Symptom::D018908
15580,Disease::DOID:216,PRESENTS,Symptom::D013851
15581,Disease::DOID:3121,PRESENTS,Symptom::D005335
15582,Disease::DOID:11934,PRESENTS,Symptom::D014832
15583,Disease::DOID:10153,PRESENTS,Symptom::D015746
15584,Disease::DOID:9835,PRESENTS,Symptom::D020795
15585,Disease::DOID:1319,PRESENTS,Symptom::D006312
15586,Disease::DOID:8893,PRESENTS,Symptom::D001416
15587,Disease::DOID:6364,PRESENTS,Symptom::D020757
15588,Disease::DOID:1964,PRESENTS,Symptom::D004412
15589,Disease::DOID:12365,PRESENTS,Symptom::D005334
15590,Disease::DOID:3953,PRESENTS,Symptom::D019080
15591,Disease::DOID:3565,PRESENTS,Symptom::D000857
15592,Disease::DOID:6364,PRESENTS,Symptom::D006261
15593,Disease::DOID:9744,PRESENTS,Symptom::D001926
15594,Disease::DOID:1192,PRESENTS,Symptom::D014717
15595,Disease::DOID:11934,PRESENTS,Symptom::D006316
15596,Disease::DOID:9074,PRESENTS,Symptom::D005335
15597,Disease::DOID:12236,PRESENTS,Symptom::D041781
15598,Disease::DOID:1781,PRESENTS,Symptom::D019547
15599,Disease::DOID:2174,PRESENTS,Symptom::D003117
15600,Disease::DOID:5041,PRESENTS,Symptom::D015431
15601,Disease::DOID:10941,PRESENTS,Symptom::D004401
15602,Disease::DOID:13378,PRESENTS,Symptom::D005334
15603,Disease::DOID:2174,PRESENTS,Symptom::D058447
15604,Disease::DOID:6364,PRESENTS,Symptom::D020238
15605,Disease::DOID:90,PRESENTS,Symptom::D019547
15606,Disease::DOID:10871,PRESENTS,Symptom::D003117
15607,Disease::DOID:11949,PRESENTS,Symptom::D010292
15608,Disease::DOID:12995,PRESENTS,Symptom::D003147
15609,Disease::DOID:3070,PRESENTS,Symptom::D002559
15610,Disease::DOID:1094,PRESENTS,Symptom::D013342
15611,Disease::DOID:184,PRESENTS,Symptom::D006732
15612,Disease::DOID:11476,PRESENTS,Symptom::D001835
15613,Disease::DOID:5419,PRESENTS,Symptom::D011141
15614,Disease::DOID:1024,PRESENTS,Symptom::D012678
15615,Disease::DOID:0050425,PRESENTS,Symptom::D020447
15616,Disease::DOID:12849,PRESENTS,Symptom::D004314
15617,Disease::DOID:11934,PRESENTS,Symptom::D001044
15618,Disease::DOID:8577,PRESENTS,Symptom::D003248
15619,Disease::DOID:1612,PRESENTS,Symptom::D010292
15620,Disease::DOID:2994,PRESENTS,Symptom::D009461
15621,Disease::DOID:1115,PRESENTS,Symptom::D011696
15622,Disease::DOID:2377,PRESENTS,Symptom::D055955
15623,Disease::DOID:10763,PRESENTS,Symptom::D007383
15624,Disease::DOID:784,PRESENTS,Symptom::D004489
15625,Disease::DOID:14330,PRESENTS,Symptom::D020754
15626,Disease::DOID:10763,PRESENTS,Symptom::D003655
15627,Disease::DOID:2994,PRESENTS,Symptom::D005158
15628,Disease::DOID:11934,PRESENTS,Symptom::D006987
15629,Disease::DOID:0050156,PRESENTS,Symptom::D020181
15630,Disease::DOID:13241,PRESENTS,Symptom::D006319
15631,Disease::DOID:7693,PRESENTS,Symptom::D010243
15632,Disease::DOID:0050742,PRESENTS,Symptom::D001835
15633,Disease::DOID:0050425,PRESENTS,Symptom::D006970
15634,Disease::DOID:332,PRESENTS,Symptom::D004417
15635,Disease::DOID:1686,PRESENTS,Symptom::D015875
15636,Disease::DOID:2841,PRESENTS,Symptom::D006935
15637,Disease::DOID:585,PRESENTS,Symptom::D015746
15638,Disease::DOID:11476,PRESENTS,Symptom::D010243
15639,Disease::DOID:8986,PRESENTS,Symptom::D020178
15640,Disease::DOID:10941,PRESENTS,Symptom::D011681
15641,Disease::DOID:2994,PRESENTS,Symptom::D002524
15642,Disease::DOID:10652,PRESENTS,Symptom::D012893
15643,Disease::DOID:6364,PRESENTS,Symptom::D012607
15644,Disease::DOID:9074,PRESENTS,Symptom::D006429
15645,Disease::DOID:9074,PRESENTS,Symptom::D003221
15646,Disease::DOID:1324,PRESENTS,Symptom::D003490
15647,Disease::DOID:4159,PRESENTS,Symptom::D004314
15648,Disease::DOID:11934,PRESENTS,Symptom::D006314
15649,Disease::DOID:7148,PRESENTS,Symptom::D018771
15650,Disease::DOID:14004,PRESENTS,Symptom::D014826
15651,Disease::DOID:10941,PRESENTS,Symptom::D006423
15652,Disease::DOID:3565,PRESENTS,Symptom::D005132
15653,Disease::DOID:4362,PRESENTS,Symptom::D010149
15654,Disease::DOID:1459,PRESENTS,Symptom::D012877
15655,Disease::DOID:1826,PRESENTS,Symptom::D054546
15656,Disease::DOID:10652,PRESENTS,Symptom::D001072
15657,Disease::DOID:3070,PRESENTS,Symptom::D001416
15658,Disease::DOID:2377,PRESENTS,Symptom::D001039
15659,Disease::DOID:12995,PRESENTS,Symptom::D006948
15660,Disease::DOID:5612,PRESENTS,Symptom::D001259
15661,Disease::DOID:9296,PRESENTS,Symptom::D014832
15662,Disease::DOID:1826,PRESENTS,Symptom::D000648
15663,Disease::DOID:13499,PRESENTS,Symptom::D014839
15664,Disease::DOID:13241,PRESENTS,Symptom::D004401
15665,Disease::DOID:0050425,PRESENTS,Symptom::D009120
15666,Disease::DOID:219,PRESENTS,Symptom::D003085
15667,Disease::DOID:5612,PRESENTS,Symptom::D018437
15668,Disease::DOID:1686,PRESENTS,Symptom::D010167
15669,Disease::DOID:2355,PRESENTS,Symptom::D006988
15670,Disease::DOID:219,PRESENTS,Symptom::D009325
15671,Disease::DOID:1793,PRESENTS,Symptom::D009461
15672,Disease::DOID:0060119,PRESENTS,Symptom::D014313
15673,Disease::DOID:2994,PRESENTS,Symptom::D004401
15674,Disease::DOID:10941,PRESENTS,Symptom::D000647
15675,Disease::DOID:8778,PRESENTS,Symptom::D011538
15676,Disease::DOID:12185,PRESENTS,Symptom::D006311
15677,Disease::DOID:2355,PRESENTS,Symptom::D005926
15678,Disease::DOID:2377,PRESENTS,Symptom::D020336
15679,Disease::DOID:11612,PRESENTS,Symptom::D001724
15680,Disease::DOID:5041,PRESENTS,Symptom::D000860
15681,Disease::DOID:10763,PRESENTS,Symptom::D000419
15682,Disease::DOID:8893,PRESENTS,Symptom::D003967
15683,Disease::DOID:2994,PRESENTS,Symptom::D000381
15684,Disease::DOID:8778,PRESENTS,Symptom::D001835
15685,Disease::DOID:4045,PRESENTS,Symptom::D010291
15686,Disease::DOID:3083,PRESENTS,Symptom::D012135
15687,Disease::DOID:2355,PRESENTS,Symptom::D006456
15688,Disease::DOID:184,PRESENTS,Symptom::D006261
15689,Disease::DOID:8398,PRESENTS,Symptom::D019547
15690,Disease::DOID:12185,PRESENTS,Symptom::D034381
15691,Disease::DOID:3312,PRESENTS,Symptom::D003128
15692,Disease::DOID:7148,PRESENTS,Symptom::D011602
15693,Disease::DOID:12365,PRESENTS,Symptom::D011693
15694,Disease::DOID:7148,PRESENTS,Symptom::D012678
15695,Disease::DOID:5559,PRESENTS,Symptom::D002637
15696,Disease::DOID:1793,PRESENTS,Symptom::D012877
15697,Disease::DOID:3393,PRESENTS,Symptom::D002637
15698,Disease::DOID:4989,PRESENTS,Symptom::D003967
15699,Disease::DOID:1319,PRESENTS,Symptom::D011596
15700,Disease::DOID:9744,PRESENTS,Symptom::D007024
15701,Disease::DOID:1909,PRESENTS,Symptom::D000860
15702,Disease::DOID:3312,PRESENTS,Symptom::D011141
15703,Disease::DOID:10283,PRESENTS,Symptom::D010148
15704,Disease::DOID:1793,PRESENTS,Symptom::D014840
15705,Disease::DOID:5875,PRESENTS,Symptom::D017116
15706,Disease::DOID:1319,PRESENTS,Symptom::D005132
15707,Disease::DOID:4045,PRESENTS,Symptom::D010146
15708,Disease::DOID:2377,PRESENTS,Symptom::D003117
15709,Disease::DOID:14330,PRESENTS,Symptom::D013342
15710,Disease::DOID:1936,PRESENTS,Symptom::D000419
15711,Disease::DOID:5612,PRESENTS,Symptom::D020335
15712,Disease::DOID:3070,PRESENTS,Symptom::D000377
15713,Disease::DOID:1993,PRESENTS,Symptom::D014839
15714,Disease::DOID:10941,PRESENTS,Symptom::D019575
15715,Disease::DOID:12185,PRESENTS,Symptom::D006317
15716,Disease::DOID:1324,PRESENTS,Symptom::D012877
15717,Disease::DOID:363,PRESENTS,Symptom::D015160
15718,Disease::DOID:585,PRESENTS,Symptom::D005334
15719,Disease::DOID:14330,PRESENTS,Symptom::D000849
15720,Disease::DOID:11934,PRESENTS,Symptom::D006311
15721,Disease::DOID:5875,PRESENTS,Symptom::D010146
15722,Disease::DOID:2998,PRESENTS,Symptom::D006628
15723,Disease::DOID:5408,PRESENTS,Symptom::D011304
15724,Disease::DOID:10763,PRESENTS,Symptom::D006261
15725,Disease::DOID:3571,PRESENTS,Symptom::D001926
15726,Disease::DOID:12995,PRESENTS,Symptom::D007805
15727,Disease::DOID:3312,PRESENTS,Symptom::D006970
15728,Disease::DOID:5559,PRESENTS,Symptom::D005334
15729,Disease::DOID:5408,PRESENTS,Symptom::D006311
15730,Disease::DOID:0050425,PRESENTS,Symptom::D012891
15731,Disease::DOID:11054,PRESENTS,Symptom::D053201
15732,Disease::DOID:1612,PRESENTS,Symptom::D007319
15733,Disease::DOID:12365,PRESENTS,Symptom::D045262
15734,Disease::DOID:5419,PRESENTS,Symptom::D007319
15735,Disease::DOID:2994,PRESENTS,Symptom::D001037
15736,Disease::DOID:219,PRESENTS,Symptom::D003967
15737,Disease::DOID:6364,PRESENTS,Symptom::D013575
15738,Disease::DOID:1192,PRESENTS,Symptom::D006685
15739,Disease::DOID:1459,PRESENTS,Symptom::D011596
15740,Disease::DOID:5041,PRESENTS,Symptom::D006356
15741,Disease::DOID:8398,PRESENTS,Symptom::D037061
15742,Disease::DOID:2377,PRESENTS,Symptom::D053202
15743,Disease::DOID:3277,PRESENTS,Symptom::D012133
15744,Disease::DOID:7693,PRESENTS,Symptom::D018908
15745,Disease::DOID:2994,PRESENTS,Symptom::D003248
15746,Disease::DOID:1115,PRESENTS,Symptom::D014839
15747,Disease::DOID:184,PRESENTS,Symptom::D006930
15748,Disease::DOID:2994,PRESENTS,Symptom::D014786
15749,Disease::DOID:1826,PRESENTS,Symptom::D002819
15750,Disease::DOID:3953,PRESENTS,Symptom::D006628
15751,Disease::DOID:10652,PRESENTS,Symptom::D018458
15752,Disease::DOID:1826,PRESENTS,Symptom::D007088
15753,Disease::DOID:2994,PRESENTS,Symptom::D006312
15754,Disease::DOID:263,PRESENTS,Symptom::D010146
15755,Disease::DOID:2043,PRESENTS,Symptom::D005334
15756,Disease::DOID:1319,PRESENTS,Symptom::D002558
15757,Disease::DOID:1826,PRESENTS,Symptom::D008607
15758,Disease::DOID:3953,PRESENTS,Symptom::D005483
15759,Disease::DOID:8778,PRESENTS,Symptom::D005183
15760,Disease::DOID:824,PRESENTS,Symptom::D006472
15761,Disease::DOID:1612,PRESENTS,Symptom::D014839
15762,Disease::DOID:2174,PRESENTS,Symptom::D001260
15763,Disease::DOID:11819,PRESENTS,Symptom::D003085
15764,Disease::DOID:7147,PRESENTS,Symptom::D004487
15765,Disease::DOID:2174,PRESENTS,Symptom::D004314
15766,Disease::DOID:1793,PRESENTS,Symptom::D018589
15767,Disease::DOID:1595,PRESENTS,Symptom::D012892
15768,Disease::DOID:8577,PRESENTS,Symptom::D005414
15769,Disease::DOID:3070,PRESENTS,Symptom::D006313
15770,Disease::DOID:3312,PRESENTS,Symptom::D017593
15771,Disease::DOID:2355,PRESENTS,Symptom::D006396
15772,Disease::DOID:12930,PRESENTS,Symptom::D020182
15773,Disease::DOID:2841,PRESENTS,Symptom::D011602
15774,Disease::DOID:1192,PRESENTS,Symptom::D010292
15775,Disease::DOID:635,PRESENTS,Symptom::D002819
15776,Disease::DOID:13223,PRESENTS,Symptom::D004412
15777,Disease::DOID:5612,PRESENTS,Symptom::D009437
15778,Disease::DOID:2377,PRESENTS,Symptom::D012678
15779,Disease::DOID:1115,PRESENTS,Symptom::D000006
15780,Disease::DOID:1459,PRESENTS,Symptom::D011141
15781,Disease::DOID:3070,PRESENTS,Symptom::D012021
15782,Disease::DOID:2377,PRESENTS,Symptom::D014202
15783,Disease::DOID:2377,PRESENTS,Symptom::D001259
15784,Disease::DOID:14221,PRESENTS,Symptom::D056865
15785,Disease::DOID:12306,PRESENTS,Symptom::D006319
15786,Disease::DOID:219,PRESENTS,Symptom::D002100
15787,Disease::DOID:4159,PRESENTS,Symptom::D005158
15788,Disease::DOID:2377,PRESENTS,Symptom::D006319
15789,Disease::DOID:0060119,PRESENTS,Symptom::D012913
15790,Disease::DOID:1319,PRESENTS,Symptom::D010292
15791,Disease::DOID:9835,PRESENTS,Symptom::D014786
15792,Disease::DOID:6364,PRESENTS,Symptom::D015845
15793,Disease::DOID:4481,PRESENTS,Symptom::D011537
15794,Disease::DOID:2841,PRESENTS,Symptom::D014202
15795,Disease::DOID:10652,PRESENTS,Symptom::D007319
15796,Disease::DOID:9296,PRESENTS,Symptom::D003147
15797,Disease::DOID:2994,PRESENTS,Symptom::D015354
15798,Disease::DOID:12185,PRESENTS,Symptom::D014717
15799,Disease::DOID:6364,PRESENTS,Symptom::D062026
15800,Disease::DOID:3083,PRESENTS,Symptom::D010845
15801,Disease::DOID:5419,PRESENTS,Symptom::D008569
15802,Disease::DOID:10652,PRESENTS,Symptom::D019588
15803,Disease::DOID:824,PRESENTS,Symptom::D010149
15804,Disease::DOID:1793,PRESENTS,Symptom::D000006
15805,Disease::DOID:5559,PRESENTS,Symptom::D003490
15806,Disease::DOID:8577,PRESENTS,Symptom::D011602
15807,Disease::DOID:4159,PRESENTS,Symptom::D009325
15808,Disease::DOID:2355,PRESENTS,Symptom::D003490
15809,Disease::DOID:1826,PRESENTS,Symptom::D053608
15810,Disease::DOID:4159,PRESENTS,Symptom::D020335
15811,Disease::DOID:3953,PRESENTS,Symptom::D053578
15812,Disease::DOID:8850,PRESENTS,Symptom::D006314
15813,Disease::DOID:1459,PRESENTS,Symptom::D008607
15814,Disease::DOID:1826,PRESENTS,Symptom::D017246
15815,Disease::DOID:5875,PRESENTS,Symptom::D000006
15816,Disease::DOID:4362,PRESENTS,Symptom::D000860
15817,Disease::DOID:0050741,PRESENTS,Symptom::D011602
15818,Disease::DOID:7693,PRESENTS,Symptom::D003085
15819,Disease::DOID:1826,PRESENTS,Symptom::D006948
15820,Disease::DOID:4362,PRESENTS,Symptom::D014549
15821,Disease::DOID:2596,PRESENTS,Symptom::D013064
15822,Disease::DOID:13223,PRESENTS,Symptom::D002637
15823,Disease::DOID:10283,PRESENTS,Symptom::D005483
15824,Disease::DOID:2355,PRESENTS,Symptom::D001049
15825,Disease::DOID:1686,PRESENTS,Symptom::D001766
15826,Disease::DOID:3070,PRESENTS,Symptom::D014103
15827,Disease::DOID:3565,PRESENTS,Symptom::D020335
15828,Disease::DOID:0050742,PRESENTS,Symptom::D020250
15829,Disease::DOID:216,PRESENTS,Symptom::D005884
15830,Disease::DOID:7148,PRESENTS,Symptom::D006429
15831,Disease::DOID:184,PRESENTS,Symptom::D059226
15832,Disease::DOID:12849,PRESENTS,Symptom::D003638
15833,Disease::DOID:9835,PRESENTS,Symptom::D009123
15834,Disease::DOID:418,PRESENTS,Symptom::D011695
15835,Disease::DOID:14330,PRESENTS,Symptom::D020234
15836,Disease::DOID:3565,PRESENTS,Symptom::D006423
15837,Disease::DOID:7148,PRESENTS,Symptom::D020069
15838,Disease::DOID:3312,PRESENTS,Symptom::D007926
15839,Disease::DOID:7148,PRESENTS,Symptom::D006685
15840,Disease::DOID:2174,PRESENTS,Symptom::D012166
15841,Disease::DOID:2377,PRESENTS,Symptom::D009120
15842,Disease::DOID:11476,PRESENTS,Symptom::D013851
15843,Disease::DOID:1192,PRESENTS,Symptom::D015354
15844,Disease::DOID:332,PRESENTS,Symptom::D013064
15845,Disease::DOID:1192,PRESENTS,Symptom::D002559
15846,Disease::DOID:1725,PRESENTS,Symptom::D017699
15847,Disease::DOID:8398,PRESENTS,Symptom::D004415
15848,Disease::DOID:2355,PRESENTS,Symptom::D009461
15849,Disease::DOID:1094,PRESENTS,Symptom::D008569
15850,Disease::DOID:2994,PRESENTS,Symptom::D011681
15851,Disease::DOID:2377,PRESENTS,Symptom::D006970
15852,Disease::DOID:1192,PRESENTS,Symptom::D009133
15853,Disease::DOID:4045,PRESENTS,Symptom::D005158
15854,Disease::DOID:2377,PRESENTS,Symptom::D003639
15855,Disease::DOID:3565,PRESENTS,Symptom::D004244
15856,Disease::DOID:13223,PRESENTS,Symptom::D005335
15857,Disease::DOID:1595,PRESENTS,Symptom::D000647
15858,Disease::DOID:824,PRESENTS,Symptom::D009912
15859,Disease::DOID:184,PRESENTS,Symptom::D004172
15860,Disease::DOID:184,PRESENTS,Symptom::D020335
15861,Disease::DOID:11934,PRESENTS,Symptom::D013746
15862,Disease::DOID:332,PRESENTS,Symptom::D020182
15863,Disease::DOID:635,PRESENTS,Symptom::D004614
15864,Disease::DOID:0050425,PRESENTS,Symptom::D020183
15865,Disease::DOID:635,PRESENTS,Symptom::D015431
15866,Disease::DOID:4159,PRESENTS,Symptom::D005334
15867,Disease::DOID:10763,PRESENTS,Symptom::D005316
15868,Disease::DOID:2994,PRESENTS,Symptom::D020324
15869,Disease::DOID:10283,PRESENTS,Symptom::D005262
15870,Disease::DOID:1324,PRESENTS,Symptom::D059390
15871,Disease::DOID:3565,PRESENTS,Symptom::D019575
15872,Disease::DOID:418,PRESENTS,Symptom::D003248
15873,Disease::DOID:216,PRESENTS,Symptom::D050177
15874,Disease::DOID:8893,PRESENTS,Symptom::D019547
15875,Disease::DOID:14330,PRESENTS,Symptom::D010468
15876,Disease::DOID:8986,PRESENTS,Symptom::D020181
15877,Disease::DOID:263,PRESENTS,Symptom::D003085
15878,Disease::DOID:7148,PRESENTS,Symptom::D006942
15879,Disease::DOID:184,PRESENTS,Symptom::D010264
15880,Disease::DOID:11934,PRESENTS,Symptom::D004433
15881,Disease::DOID:11476,PRESENTS,Symptom::D010146
15882,Disease::DOID:10652,PRESENTS,Symptom::D020240
15883,Disease::DOID:7693,PRESENTS,Symptom::D002637
15884,Disease::DOID:10871,PRESENTS,Symptom::D009755
15885,Disease::DOID:0060119,PRESENTS,Symptom::D020181
15886,Disease::DOID:4989,PRESENTS,Symptom::D000006
15887,Disease::DOID:2998,PRESENTS,Symptom::D006311
15888,Disease::DOID:2994,PRESENTS,Symptom::D014103
15889,Disease::DOID:9970,PRESENTS,Symptom::D015430
15890,Disease::DOID:3312,PRESENTS,Symptom::D013009
15891,Disease::DOID:12185,PRESENTS,Symptom::D005158
15892,Disease::DOID:1909,PRESENTS,Symptom::D015746
15893,Disease::DOID:635,PRESENTS,Symptom::D006942
15894,Disease::DOID:418,PRESENTS,Symptom::D006356
15895,Disease::DOID:8778,PRESENTS,Symptom::D014839
15896,Disease::DOID:1192,PRESENTS,Symptom::D005158
15897,Disease::DOID:2394,PRESENTS,Symptom::D010292
15898,Disease::DOID:594,PRESENTS,Symptom::D010292
15899,Disease::DOID:11054,PRESENTS,Symptom::D003967
15900,Disease::DOID:10608,PRESENTS,Symptom::D001835
15901,Disease::DOID:3070,PRESENTS,Symptom::D013035
15902,Disease::DOID:5041,PRESENTS,Symptom::D056128
15903,Disease::DOID:6364,PRESENTS,Symptom::D017288
15904,Disease::DOID:1826,PRESENTS,Symptom::D001049
15905,Disease::DOID:1192,PRESENTS,Symptom::D046088
15906,Disease::DOID:3070,PRESENTS,Symptom::D011782
15907,Disease::DOID:1612,PRESENTS,Symptom::D010148
15908,Disease::DOID:8893,PRESENTS,Symptom::D005221
15909,Disease::DOID:12930,PRESENTS,Symptom::D019462
15910,Disease::DOID:12361,PRESENTS,Symptom::D011681
15911,Disease::DOID:1793,PRESENTS,Symptom::D059265
15912,Disease::DOID:1793,PRESENTS,Symptom::D003221
15913,Disease::DOID:11949,PRESENTS,Symptom::D019575
15914,Disease::DOID:2174,PRESENTS,Symptom::D015354
15915,Disease::DOID:5419,PRESENTS,Symptom::D001247
15916,Disease::DOID:3953,PRESENTS,Symptom::D003968
15917,Disease::DOID:11949,PRESENTS,Symptom::D013494
15918,Disease::DOID:14330,PRESENTS,Symptom::D053201
15919,Disease::DOID:8577,PRESENTS,Symptom::D005334
15920,Disease::DOID:2998,PRESENTS,Symptom::D006423
15921,Disease::DOID:0050742,PRESENTS,Symptom::D015430
15922,Disease::DOID:1094,PRESENTS,Symptom::D008607
15923,Disease::DOID:1094,PRESENTS,Symptom::D012148
15924,Disease::DOID:2841,PRESENTS,Symptom::D020078
15925,Disease::DOID:418,PRESENTS,Symptom::D006319
15926,Disease::DOID:12306,PRESENTS,Symptom::D034381
15927,Disease::DOID:2998,PRESENTS,Symptom::D000855
15928,Disease::DOID:8893,PRESENTS,Symptom::D020078
15929,Disease::DOID:8577,PRESENTS,Symptom::D005335
15930,Disease::DOID:10021,PRESENTS,Symptom::D006396
15931,Disease::DOID:5875,PRESENTS,Symptom::D012585
15932,Disease::DOID:3070,PRESENTS,Symptom::D005132
15933,Disease::DOID:1192,PRESENTS,Symptom::D006423
15934,Disease::DOID:1324,PRESENTS,Symptom::D009133
15935,Disease::DOID:1793,PRESENTS,Symptom::D006396
15936,Disease::DOID:10608,PRESENTS,Symptom::D005183
15937,Disease::DOID:10534,PRESENTS,Symptom::D004487
15938,Disease::DOID:1192,PRESENTS,Symptom::D065634
15939,Disease::DOID:10652,PRESENTS,Symptom::D006212
15940,Disease::DOID:184,PRESENTS,Symptom::D015875
15941,Disease::DOID:5419,PRESENTS,Symptom::D017109
15942,Disease::DOID:3310,PRESENTS,Symptom::D014008
15943,Disease::DOID:1595,PRESENTS,Symptom::D004415
15944,Disease::DOID:784,PRESENTS,Symptom::D006337
15945,Disease::DOID:13241,PRESENTS,Symptom::D003639
15946,Disease::DOID:784,PRESENTS,Symptom::D004487
15947,Disease::DOID:6364,PRESENTS,Symptom::D006423
15948,Disease::DOID:8398,PRESENTS,Symptom::D006930
15949,Disease::DOID:14004,PRESENTS,Symptom::D004417
15950,Disease::DOID:1909,PRESENTS,Symptom::D000855
15951,Disease::DOID:1115,PRESENTS,Symptom::D005335
15952,Disease::DOID:12365,PRESENTS,Symptom::D003968
15953,Disease::DOID:2531,PRESENTS,Symptom::D011697
15954,Disease::DOID:2394,PRESENTS,Symptom::D015746
15955,Disease::DOID:0050742,PRESENTS,Symptom::D059445
15956,Disease::DOID:7147,PRESENTS,Symptom::D001416
15957,Disease::DOID:2355,PRESENTS,Symptom::D003968
15958,Disease::DOID:363,PRESENTS,Symptom::D014839
15959,Disease::DOID:5419,PRESENTS,Symptom::D004410
15960,Disease::DOID:1826,PRESENTS,Symptom::D020447
15961,Disease::DOID:6364,PRESENTS,Symptom::D020236
15962,Disease::DOID:9744,PRESENTS,Symptom::D007331
15963,Disease::DOID:10652,PRESENTS,Symptom::D000647
15964,Disease::DOID:1192,PRESENTS,Symptom::D004172
15965,Disease::DOID:1595,PRESENTS,Symptom::D017116
15966,Disease::DOID:12306,PRESENTS,Symptom::D008607
15967,Disease::DOID:216,PRESENTS,Symptom::D014313
15968,Disease::DOID:9744,PRESENTS,Symptom::D005316
15969,Disease::DOID:9970,PRESENTS,Symptom::D002032
15970,Disease::DOID:3070,PRESENTS,Symptom::D005183
15971,Disease::DOID:3310,PRESENTS,Symptom::D004487
15972,Disease::DOID:11555,PRESENTS,Symptom::D004487
15973,Disease::DOID:1024,PRESENTS,Symptom::D010243
15974,Disease::DOID:4159,PRESENTS,Symptom::D014839
15975,Disease::DOID:0060119,PRESENTS,Symptom::D006472
15976,Disease::DOID:0060119,PRESENTS,Symptom::D006315
15977,Disease::DOID:4989,PRESENTS,Symptom::D012166
15978,Disease::DOID:11612,PRESENTS,Symptom::D015431
15979,Disease::DOID:1319,PRESENTS,Symptom::D046088
15980,Disease::DOID:784,PRESENTS,Symptom::D001835
15981,Disease::DOID:1595,PRESENTS,Symptom::D011602
15982,Disease::DOID:11476,PRESENTS,Symptom::D053565
15983,Disease::DOID:12849,PRESENTS,Symptom::D018980
15984,Disease::DOID:11476,PRESENTS,Symptom::D010264
15985,Disease::DOID:1612,PRESENTS,Symptom::D006987
15986,Disease::DOID:1595,PRESENTS,Symptom::D001416
15987,Disease::DOID:14221,PRESENTS,Symptom::D063766
15988,Disease::DOID:14330,PRESENTS,Symptom::D007088
15989,Disease::DOID:11949,PRESENTS,Symptom::D001259
15990,Disease::DOID:2394,PRESENTS,Symptom::D005262
15991,Disease::DOID:10534,PRESENTS,Symptom::D018589
15992,Disease::DOID:1826,PRESENTS,Symptom::D015325
15993,Disease::DOID:1319,PRESENTS,Symptom::D018886
15994,Disease::DOID:2531,PRESENTS,Symptom::D016553
15995,Disease::DOID:10941,PRESENTS,Symptom::D006606
15996,Disease::DOID:2355,PRESENTS,Symptom::D004487
15997,Disease::DOID:11119,PRESENTS,Symptom::D013342
15998,Disease::DOID:2377,PRESENTS,Symptom::D010243
15999,Disease::DOID:13189,PRESENTS,Symptom::D005334
16000,Disease::DOID:1826,PRESENTS,Symptom::D020184
16001,Disease::DOID:363,PRESENTS,Symptom::D003967
16002,Disease::DOID:6364,PRESENTS,Symptom::D005157
16003,Disease::DOID:5875,PRESENTS,Symptom::D003248
16004,Disease::DOID:8398,PRESENTS,Symptom::D010146
16005,Disease::DOID:263,PRESENTS,Symptom::D001416
16006,Disease::DOID:8778,PRESENTS,Symptom::D000006
16007,Disease::DOID:3070,PRESENTS,Symptom::D006429
16008,Disease::DOID:0050156,PRESENTS,Symptom::D000860
16009,Disease::DOID:263,PRESENTS,Symptom::D002100
16010,Disease::DOID:14330,PRESENTS,Symptom::D007024
16011,Disease::DOID:9835,PRESENTS,Symptom::D003117
16012,Disease::DOID:10534,PRESENTS,Symptom::D009325
16013,Disease::DOID:10652,PRESENTS,Symptom::D020238
16014,Disease::DOID:1725,PRESENTS,Symptom::D014839
16015,Disease::DOID:9835,PRESENTS,Symptom::D014823
16016,Disease::DOID:2377,PRESENTS,Symptom::D053201
16017,Disease::DOID:585,PRESENTS,Symptom::D053565
16018,Disease::DOID:14330,PRESENTS,Symptom::D009122
16019,Disease::DOID:784,PRESENTS,Symptom::D009846
16020,Disease::DOID:1319,PRESENTS,Symptom::D000647
16021,Disease::DOID:784,PRESENTS,Symptom::D002100
16022,Disease::DOID:11934,PRESENTS,Symptom::D010146
16023,Disease::DOID:2994,PRESENTS,Symptom::D009325
16024,Disease::DOID:4159,PRESENTS,Symptom::D004487
16025,Disease::DOID:7148,PRESENTS,Symptom::D012877
16026,Disease::DOID:1781,PRESENTS,Symptom::D055154
16027,Disease::DOID:1826,PRESENTS,Symptom::D020236
16028,Disease::DOID:2994,PRESENTS,Symptom::D009437
16029,Disease::DOID:363,PRESENTS,Symptom::D009325
16030,Disease::DOID:0060119,PRESENTS,Symptom::D004417
16031,Disease::DOID:175,PRESENTS,Symptom::D004417
16032,Disease::DOID:2377,PRESENTS,Symptom::D000370
16033,Disease::DOID:3953,PRESENTS,Symptom::D002303
16034,Disease::DOID:12306,PRESENTS,Symptom::D003638
16035,Disease::DOID:1319,PRESENTS,Symptom::D004172
16036,Disease::DOID:3565,PRESENTS,Symptom::D001037
16037,Disease::DOID:4989,PRESENTS,Symptom::D059350
16038,Disease::DOID:1459,PRESENTS,Symptom::D001259
16039,Disease::DOID:263,PRESENTS,Symptom::D001247
16040,Disease::DOID:9296,PRESENTS,Symptom::D010149
16041,Disease::DOID:363,PRESENTS,Symptom::D000006
16042,Disease::DOID:119,PRESENTS,Symptom::D014549
16043,Disease::DOID:784,PRESENTS,Symptom::D012148
16044,Disease::DOID:9008,PRESENTS,Symptom::D010146
16045,Disease::DOID:5419,PRESENTS,Symptom::D003693
16046,Disease::DOID:5612,PRESENTS,Symptom::D010146
16047,Disease::DOID:14330,PRESENTS,Symptom::D004401
16048,Disease::DOID:11555,PRESENTS,Symptom::D006987
16049,Disease::DOID:2994,PRESENTS,Symptom::D046088
16050,Disease::DOID:5875,PRESENTS,Symptom::D014770
16051,Disease::DOID:2531,PRESENTS,Symptom::D000855
16052,Disease::DOID:1595,PRESENTS,Symptom::D018458
16053,Disease::DOID:12849,PRESENTS,Symptom::D007859
16054,Disease::DOID:12849,PRESENTS,Symptom::D001308
16055,Disease::DOID:2377,PRESENTS,Symptom::D009128
16056,Disease::DOID:8778,PRESENTS,Symptom::D013746
16057,Disease::DOID:1115,PRESENTS,Symptom::D041781
16058,Disease::DOID:11476,PRESENTS,Symptom::D055948
16059,Disease::DOID:9835,PRESENTS,Symptom::D014103
16060,Disease::DOID:12365,PRESENTS,Symptom::D001724
16061,Disease::DOID:1781,PRESENTS,Symptom::D006732
16062,Disease::DOID:1319,PRESENTS,Symptom::D004244
16063,Disease::DOID:1781,PRESENTS,Symptom::D014826
16064,Disease::DOID:2043,PRESENTS,Symptom::D006942
16065,Disease::DOID:13499,PRESENTS,Symptom::D018589
16066,Disease::DOID:11615,PRESENTS,Symptom::D053159
16067,Disease::DOID:2994,PRESENTS,Symptom::D003085
16068,Disease::DOID:3565,PRESENTS,Symptom::D014839
16069,Disease::DOID:12361,PRESENTS,Symptom::D001766
16070,Disease::DOID:7147,PRESENTS,Symptom::D014313
16071,Disease::DOID:1459,PRESENTS,Symptom::D001835
16072,Disease::DOID:11949,PRESENTS,Symptom::D020233
16073,Disease::DOID:418,PRESENTS,Symptom::D003967
16074,Disease::DOID:1319,PRESENTS,Symptom::D012021
16075,Disease::DOID:12849,PRESENTS,Symptom::D013064
16076,Disease::DOID:594,PRESENTS,Symptom::D020886
16077,Disease::DOID:8577,PRESENTS,Symptom::D011694
16078,Disease::DOID:1192,PRESENTS,Symptom::D006314
16079,Disease::DOID:10652,PRESENTS,Symptom::D007859
16080,Disease::DOID:9970,PRESENTS,Symptom::D063766
16081,Disease::DOID:10763,PRESENTS,Symptom::D007024
16082,Disease::DOID:2355,PRESENTS,Symptom::D006319
16083,Disease::DOID:4045,PRESENTS,Symptom::D012585
16084,Disease::DOID:11934,PRESENTS,Symptom::D065634
16085,Disease::DOID:5612,PRESENTS,Symptom::D020234
16086,Disease::DOID:2994,PRESENTS,Symptom::D002558
16087,Disease::DOID:3565,PRESENTS,Symptom::D004411
16088,Disease::DOID:11714,PRESENTS,Symptom::D005320
16089,Disease::DOID:9296,PRESENTS,Symptom::D007805
16090,Disease::DOID:1686,PRESENTS,Symptom::D020795
16091,Disease::DOID:11612,PRESENTS,Symptom::D014770
16092,Disease::DOID:11934,PRESENTS,Symptom::D005132
16093,Disease::DOID:13378,PRESENTS,Symptom::D007565
16094,Disease::DOID:1319,PRESENTS,Symptom::D000377
16095,Disease::DOID:11934,PRESENTS,Symptom::D000855
16096,Disease::DOID:3565,PRESENTS,Symptom::D014717
16097,Disease::DOID:219,PRESENTS,Symptom::D000860
16098,Disease::DOID:2596,PRESENTS,Symptom::D004487
16099,Disease::DOID:635,PRESENTS,Symptom::D005334
16100,Disease::DOID:2377,PRESENTS,Symptom::D059411
16101,Disease::DOID:8398,PRESENTS,Symptom::D020233
16102,Disease::DOID:10283,PRESENTS,Symptom::D010146
16103,Disease::DOID:2377,PRESENTS,Symptom::D006313
16104,Disease::DOID:1993,PRESENTS,Symptom::D011538
16105,Disease::DOID:1324,PRESENTS,Symptom::D006469
16106,Disease::DOID:11476,PRESENTS,Symptom::D019584
16107,Disease::DOID:2994,PRESENTS,Symptom::D007040
16108,Disease::DOID:3571,PRESENTS,Symptom::D014840
16109,Disease::DOID:3070,PRESENTS,Symptom::D006985
16110,Disease::DOID:11920,PRESENTS,Symptom::D006685
16111,Disease::DOID:2174,PRESENTS,Symptom::D002832
16112,Disease::DOID:824,PRESENTS,Symptom::D014098
16113,Disease::DOID:10608,PRESENTS,Symptom::D001259
16114,Disease::DOID:1192,PRESENTS,Symptom::D010591
16115,Disease::DOID:3070,PRESENTS,Symptom::D004172
16116,Disease::DOID:8893,PRESENTS,Symptom::D011539
16117,Disease::DOID:0060119,PRESENTS,Symptom::D014012
16118,Disease::DOID:0050741,PRESENTS,Symptom::D000425
16119,Disease::DOID:9074,PRESENTS,Symptom::D004438
16120,Disease::DOID:3070,PRESENTS,Symptom::D001766
16121,Disease::DOID:12930,PRESENTS,Symptom::D001926
16122,Disease::DOID:5419,PRESENTS,Symptom::D011595
16123,Disease::DOID:5419,PRESENTS,Symptom::D001041
16124,Disease::DOID:1826,PRESENTS,Symptom::D007859
16125,Disease::DOID:5559,PRESENTS,Symptom::D015160
16126,Disease::DOID:2377,PRESENTS,Symptom::D014786
16127,Disease::DOID:7148,PRESENTS,Symptom::D006319
16128,Disease::DOID:11934,PRESENTS,Symptom::D006209
16129,Disease::DOID:9074,PRESENTS,Symptom::D006469
16130,Disease::DOID:2841,PRESENTS,Symptom::D007040
16131,Disease::DOID:3070,PRESENTS,Symptom::D009325
16132,Disease::DOID:175,PRESENTS,Symptom::D011693
16133,Disease::DOID:7693,PRESENTS,Symptom::D021501
16134,Disease::DOID:11476,PRESENTS,Symptom::D019588
16135,Disease::DOID:9296,PRESENTS,Symptom::D001184
16136,Disease::DOID:2531,PRESENTS,Symptom::D005334
16137,Disease::DOID:1192,PRESENTS,Symptom::D034381
16138,Disease::DOID:9074,PRESENTS,Symptom::D002819
16139,Disease::DOID:11054,PRESENTS,Symptom::D010149
16140,Disease::DOID:2994,PRESENTS,Symptom::D003967
16141,Disease::DOID:5419,PRESENTS,Symptom::D013342
16142,Disease::DOID:1459,PRESENTS,Symptom::D002819
16143,Disease::DOID:6364,PRESENTS,Symptom::D015877
16144,Disease::DOID:3565,PRESENTS,Symptom::D006313
16145,Disease::DOID:3565,PRESENTS,Symptom::D001259
16146,Disease::DOID:0050741,PRESENTS,Symptom::D007035
16147,Disease::DOID:219,PRESENTS,Symptom::D000855
16148,Disease::DOID:9008,PRESENTS,Symptom::D018771
16149,Disease::DOID:1319,PRESENTS,Symptom::D005862
16150,Disease::DOID:11119,PRESENTS,Symptom::D006816
16151,Disease::DOID:1192,PRESENTS,Symptom::D006311
16152,Disease::DOID:3277,PRESENTS,Symptom::D001260
16153,Disease::DOID:1319,PRESENTS,Symptom::D003128
16154,Disease::DOID:11476,PRESENTS,Symptom::D009133
16155,Disease::DOID:1319,PRESENTS,Symptom::D006311
16156,Disease::DOID:184,PRESENTS,Symptom::D065634
16157,Disease::DOID:1459,PRESENTS,Symptom::D012021
16158,Disease::DOID:4045,PRESENTS,Symptom::D041781
16159,Disease::DOID:14268,PRESENTS,Symptom::D004314
16160,Disease::DOID:4045,PRESENTS,Symptom::D004487
16161,Disease::DOID:418,PRESENTS,Symptom::D003490
16162,Disease::DOID:1909,PRESENTS,Symptom::D012607
16163,Disease::DOID:9744,PRESENTS,Symptom::D001835
16164,Disease::DOID:7148,PRESENTS,Symptom::D005157
16165,Disease::DOID:2994,PRESENTS,Symptom::D014008
16166,Disease::DOID:585,PRESENTS,Symptom::D003085
16167,Disease::DOID:8986,PRESENTS,Symptom::D020447
16168,Disease::DOID:11949,PRESENTS,Symptom::D006423
16169,Disease::DOID:12849,PRESENTS,Symptom::D005600
16170,Disease::DOID:3571,PRESENTS,Symptom::D006396
16171,Disease::DOID:3312,PRESENTS,Symptom::D007319
16172,Disease::DOID:14221,PRESENTS,Symptom::D054058
16173,Disease::DOID:1793,PRESENTS,Symptom::D010148
16174,Disease::DOID:14330,PRESENTS,Symptom::D010591
16175,Disease::DOID:4481,PRESENTS,Symptom::D012913
16176,Disease::DOID:1324,PRESENTS,Symptom::D006685
16177,Disease::DOID:1094,PRESENTS,Symptom::D020178
16178,Disease::DOID:10941,PRESENTS,Symptom::D020324
16179,Disease::DOID:5419,PRESENTS,Symptom::D004421
16180,Disease::DOID:332,PRESENTS,Symptom::D010292
16181,Disease::DOID:4481,PRESENTS,Symptom::D004487
16182,Disease::DOID:2994,PRESENTS,Symptom::D011782
16183,Disease::DOID:3565,PRESENTS,Symptom::D034381
16184,Disease::DOID:12185,PRESENTS,Symptom::D046089
16185,Disease::DOID:3571,PRESENTS,Symptom::D005262
16186,Disease::DOID:11934,PRESENTS,Symptom::D014012
16187,Disease::DOID:9744,PRESENTS,Symptom::D014929
16188,Disease::DOID:332,PRESENTS,Symptom::D005207
16189,Disease::DOID:9296,PRESENTS,Symptom::D013064
16190,Disease::DOID:14330,PRESENTS,Symptom::D001750
16191,Disease::DOID:1826,PRESENTS,Symptom::D009123
16192,Disease::DOID:9074,PRESENTS,Symptom::D005221
16193,Disease::DOID:1324,PRESENTS,Symptom::D004433
16194,Disease::DOID:184,PRESENTS,Symptom::D058447
16195,Disease::DOID:3070,PRESENTS,Symptom::D006423
16196,Disease::DOID:12365,PRESENTS,Symptom::D020179
16197,Disease::DOID:1115,PRESENTS,Symptom::D053159
16198,Disease::DOID:184,PRESENTS,Symptom::D010591
16199,Disease::DOID:4989,PRESENTS,Symptom::D020078
16200,Disease::DOID:7148,PRESENTS,Symptom::D005132
16201,Disease::DOID:12365,PRESENTS,Symptom::D006456
16202,Disease::DOID:12185,PRESENTS,Symptom::D006319
16203,Disease::DOID:1781,PRESENTS,Symptom::D010149
16204,Disease::DOID:824,PRESENTS,Symptom::D001724
16205,Disease::DOID:1459,PRESENTS,Symptom::D009461
16206,Disease::DOID:2998,PRESENTS,Symptom::D000006
16207,Disease::DOID:0050741,PRESENTS,Symptom::D001247
16208,Disease::DOID:5041,PRESENTS,Symptom::D001835
16209,Disease::DOID:12365,PRESENTS,Symptom::D011537
16210,Disease::DOID:11934,PRESENTS,Symptom::D010292
16211,Disease::DOID:6364,PRESENTS,Symptom::D003244
16212,Disease::DOID:10608,PRESENTS,Symptom::D003248
16213,Disease::DOID:11119,PRESENTS,Symptom::D004409
16214,Disease::DOID:1793,PRESENTS,Symptom::D000855
16215,Disease::DOID:14330,PRESENTS,Symptom::D014549
16216,Disease::DOID:10871,PRESENTS,Symptom::D020795
16217,Disease::DOID:3312,PRESENTS,Symptom::D006212
16218,Disease::DOID:6364,PRESENTS,Symptom::D000270
16219,Disease::DOID:2998,PRESENTS,Symptom::D006316
16220,Disease::DOID:10652,PRESENTS,Symptom::D000857
16221,Disease::DOID:363,PRESENTS,Symptom::D014550
16222,Disease::DOID:1192,PRESENTS,Symptom::D001416
16223,Disease::DOID:11934,PRESENTS,Symptom::D020385
16224,Disease::DOID:3277,PRESENTS,Symptom::D011696
16225,Disease::DOID:2841,PRESENTS,Symptom::D004417
16226,Disease::DOID:12365,PRESENTS,Symptom::D055665
16227,Disease::DOID:0050741,PRESENTS,Symptom::D002032
16228,Disease::DOID:184,PRESENTS,Symptom::D006987
16229,Disease::DOID:9296,PRESENTS,Symptom::D005884
16230,Disease::DOID:3565,PRESENTS,Symptom::D017116
16231,Disease::DOID:2377,PRESENTS,Symptom::D006316
16232,Disease::DOID:1324,PRESENTS,Symptom::D004417
16233,Disease::DOID:11239,PRESENTS,Symptom::D014839
16234,Disease::DOID:11949,PRESENTS,Symptom::D008569
16235,Disease::DOID:0050741,PRESENTS,Symptom::D006212
16236,Disease::DOID:1793,PRESENTS,Symptom::D009325
16237,Disease::DOID:7147,PRESENTS,Symptom::D006987
16238,Disease::DOID:3070,PRESENTS,Symptom::D006261
16239,Disease::DOID:3565,PRESENTS,Symptom::D018908
16240,Disease::DOID:2994,PRESENTS,Symptom::D000860
16241,Disease::DOID:6364,PRESENTS,Symptom::D020886
16242,Disease::DOID:10534,PRESENTS,Symptom::D015746
16243,Disease::DOID:986,PRESENTS,Symptom::D011537
16244,Disease::DOID:8893,PRESENTS,Symptom::D018771
16245,Disease::DOID:4045,PRESENTS,Symptom::D014549
16246,Disease::DOID:12236,PRESENTS,Symptom::D005221
16247,Disease::DOID:1595,PRESENTS,Symptom::D006970
16248,Disease::DOID:9296,PRESENTS,Symptom::D013342
16249,Disease::DOID:1319,PRESENTS,Symptom::D014012
16250,Disease::DOID:5419,PRESENTS,Symptom::D009903
16251,Disease::DOID:2531,PRESENTS,Symptom::D008998
16252,Disease::DOID:7147,PRESENTS,Symptom::D004244
16253,Disease::DOID:1686,PRESENTS,Symptom::D005132
16254,Disease::DOID:9970,PRESENTS,Symptom::D007040
16255,Disease::DOID:2841,PRESENTS,Symptom::D016857
16256,Disease::DOID:3083,PRESENTS,Symptom::D020181
16257,Disease::DOID:0050425,PRESENTS,Symptom::D010591
16258,Disease::DOID:1793,PRESENTS,Symptom::D001416
16259,Disease::DOID:11714,PRESENTS,Symptom::D050177
16260,Disease::DOID:2377,PRESENTS,Symptom::D004411
16261,Disease::DOID:184,PRESENTS,Symptom::D012585
16262,Disease::DOID:3310,PRESENTS,Symptom::D006942
16263,Disease::DOID:594,PRESENTS,Symptom::D014717
16264,Disease::DOID:1319,PRESENTS,Symptom::D004401
16265,Disease::DOID:3310,PRESENTS,Symptom::D011537
16266,Disease::DOID:184,PRESENTS,Symptom::D018437
16267,Disease::DOID:0060119,PRESENTS,Symptom::D002559
16268,Disease::DOID:5875,PRESENTS,Symptom::D021501
16269,Disease::DOID:418,PRESENTS,Symptom::D010292
16270,Disease::DOID:6364,PRESENTS,Symptom::D010146
16271,Disease::DOID:8778,PRESENTS,Symptom::D016553
16272,Disease::DOID:9206,PRESENTS,Symptom::D003635
16273,Disease::DOID:2377,PRESENTS,Symptom::D012607
16274,Disease::DOID:184,PRESENTS,Symptom::D018771
16275,Disease::DOID:1192,PRESENTS,Symptom::D018908
16276,Disease::DOID:6364,PRESENTS,Symptom::D014103
16277,Disease::DOID:9970,PRESENTS,Symptom::D009767
16278,Disease::DOID:1612,PRESENTS,Symptom::D005222
16279,Disease::DOID:1324,PRESENTS,Symptom::D053578
16280,Disease::DOID:14268,PRESENTS,Symptom::D005221
16281,Disease::DOID:9074,PRESENTS,Symptom::D006319
16282,Disease::DOID:9744,PRESENTS,Symptom::D005320
16283,Disease::DOID:10871,PRESENTS,Symptom::D015354
16284,Disease::DOID:5041,PRESENTS,Symptom::D009325
16285,Disease::DOID:11612,PRESENTS,Symptom::D056128
16286,Disease::DOID:585,PRESENTS,Symptom::D010149
16287,Disease::DOID:0050741,PRESENTS,Symptom::D007565
16288,Disease::DOID:1192,PRESENTS,Symptom::D020335
16289,Disease::DOID:3310,PRESENTS,Symptom::D020078
16290,Disease::DOID:3571,PRESENTS,Symptom::D011693
16291,Disease::DOID:1319,PRESENTS,Symptom::D018908
16292,Disease::DOID:3312,PRESENTS,Symptom::D020178
16293,Disease::DOID:11934,PRESENTS,Symptom::D000857
16294,Disease::DOID:1595,PRESENTS,Symptom::D002032
16295,Disease::DOID:9835,PRESENTS,Symptom::D002832
16296,Disease::DOID:10283,PRESENTS,Symptom::D005221
16297,Disease::DOID:8398,PRESENTS,Symptom::D017288
16298,Disease::DOID:0060119,PRESENTS,Symptom::D001766
16299,Disease::DOID:3393,PRESENTS,Symptom::D000787
16300,Disease::DOID:2377,PRESENTS,Symptom::D015354
16301,Disease::DOID:6364,PRESENTS,Symptom::D000788
16302,Disease::DOID:3277,PRESENTS,Symptom::D002637
16303,Disease::DOID:2377,PRESENTS,Symptom::D002819
16304,Disease::DOID:10941,PRESENTS,Symptom::D009886
16305,Disease::DOID:263,PRESENTS,Symptom::D015746
16306,Disease::DOID:6364,PRESENTS,Symptom::D014786
16307,Disease::DOID:2841,PRESENTS,Symptom::D009058
16308,Disease::DOID:5419,PRESENTS,Symptom::D006948
16309,Disease::DOID:10941,PRESENTS,Symptom::D008580
16310,Disease::DOID:1686,PRESENTS,Symptom::D012166
16311,Disease::DOID:11476,PRESENTS,Symptom::D001416
16312,Disease::DOID:3277,PRESENTS,Symptom::D008998
16313,Disease::DOID:12365,PRESENTS,Symptom::D009461
16314,Disease::DOID:119,PRESENTS,Symptom::D014550
16315,Disease::DOID:8398,PRESENTS,Symptom::D059787
16316,Disease::DOID:11714,PRESENTS,Symptom::D001724
16317,Disease::DOID:0060119,PRESENTS,Symptom::D003638
16318,Disease::DOID:5612,PRESENTS,Symptom::D006987
16319,Disease::DOID:1192,PRESENTS,Symptom::D003639
16320,Disease::DOID:263,PRESENTS,Symptom::D014839
16321,Disease::DOID:1826,PRESENTS,Symptom::D054221
16322,Disease::DOID:2355,PRESENTS,Symptom::D005316
16323,Disease::DOID:119,PRESENTS,Symptom::D014839
16324,Disease::DOID:7147,PRESENTS,Symptom::D019547
16325,Disease::DOID:5408,PRESENTS,Symptom::D010264
16326,Disease::DOID:3565,PRESENTS,Symptom::D014786
16327,Disease::DOID:1781,PRESENTS,Symptom::D006685
16328,Disease::DOID:0060119,PRESENTS,Symptom::D001184
16329,Disease::DOID:219,PRESENTS,Symptom::D003248
16330,Disease::DOID:11920,PRESENTS,Symptom::D012135
16331,Disease::DOID:1459,PRESENTS,Symptom::D009912
16332,Disease::DOID:3310,PRESENTS,Symptom::D012877
16333,Disease::DOID:7147,PRESENTS,Symptom::D014717
16334,Disease::DOID:1094,PRESENTS,Symptom::D004688
16335,Disease::DOID:10941,PRESENTS,Symptom::D001766
16336,Disease::DOID:418,PRESENTS,Symptom::D011693
16337,Disease::DOID:13241,PRESENTS,Symptom::D006429
16338,Disease::DOID:2355,PRESENTS,Symptom::D038901
16339,Disease::DOID:1725,PRESENTS,Symptom::D001247
16340,Disease::DOID:332,PRESENTS,Symptom::D009461
16341,Disease::DOID:2994,PRESENTS,Symptom::D001039
16342,Disease::DOID:1324,PRESENTS,Symptom::D005221
16343,Disease::DOID:3312,PRESENTS,Symptom::D053608
16344,Disease::DOID:10153,PRESENTS,Symptom::D005483
16345,Disease::DOID:1192,PRESENTS,Symptom::D012001
16346,Disease::DOID:10283,PRESENTS,Symptom::D014549
16347,Disease::DOID:0050425,PRESENTS,Symptom::D012913
16348,Disease::DOID:1826,PRESENTS,Symptom::D000647
16349,Disease::DOID:184,PRESENTS,Symptom::D010292
16350,Disease::DOID:9744,PRESENTS,Symptom::D059606
16351,Disease::DOID:6364,PRESENTS,Symptom::D020795
16352,Disease::DOID:1024,PRESENTS,Symptom::D005132
16353,Disease::DOID:1094,PRESENTS,Symptom::D012891
16354,Disease::DOID:5559,PRESENTS,Symptom::D003371
16355,Disease::DOID:635,PRESENTS,Symptom::D005335
16356,Disease::DOID:0060119,PRESENTS,Symptom::D013651
16357,Disease::DOID:11119,PRESENTS,Symptom::D012893
16358,Disease::DOID:11119,PRESENTS,Symptom::D014103
16359,Disease::DOID:10283,PRESENTS,Symptom::D010264
16360,Disease::DOID:1790,PRESENTS,Symptom::D000855
16361,Disease::DOID:5875,PRESENTS,Symptom::D001750
16362,Disease::DOID:9744,PRESENTS,Symptom::D006319
16363,Disease::DOID:11949,PRESENTS,Symptom::D019569
16364,Disease::DOID:0050741,PRESENTS,Symptom::D008569
16365,Disease::DOID:14221,PRESENTS,Symptom::D055948
16366,Disease::DOID:5612,PRESENTS,Symptom::D010148
16367,Disease::DOID:10941,PRESENTS,Symptom::D005157
16368,Disease::DOID:2355,PRESENTS,Symptom::D015160
16369,Disease::DOID:2841,PRESENTS,Symptom::D014832
16370,Disease::DOID:5041,PRESENTS,Symptom::D000855
16371,Disease::DOID:11934,PRESENTS,Symptom::D005157
16372,Disease::DOID:9352,PRESENTS,Symptom::D011507
16373,Disease::DOID:3565,PRESENTS,Symptom::D014549
16374,Disease::DOID:3070,PRESENTS,Symptom::D019547
16375,Disease::DOID:11949,PRESENTS,Symptom::D014786
16376,Disease::DOID:1319,PRESENTS,Symptom::D065634
16377,Disease::DOID:986,PRESENTS,Symptom::D013746
16378,Disease::DOID:2994,PRESENTS,Symptom::D006732
16379,Disease::DOID:7148,PRESENTS,Symptom::D062706
16380,Disease::DOID:3565,PRESENTS,Symptom::D010292
16381,Disease::DOID:11119,PRESENTS,Symptom::D008607
16382,Disease::DOID:2377,PRESENTS,Symptom::D008569
16383,Disease::DOID:3070,PRESENTS,Symptom::D001260
16384,Disease::DOID:1094,PRESENTS,Symptom::D012893
16385,Disease::DOID:9074,PRESENTS,Symptom::D009912
16386,Disease::DOID:10871,PRESENTS,Symptom::D020754
16387,Disease::DOID:3393,PRESENTS,Symptom::D000788
16388,Disease::DOID:5408,PRESENTS,Symptom::D003638
16389,Disease::DOID:2377,PRESENTS,Symptom::D014549
16390,Disease::DOID:5408,PRESENTS,Symptom::D014717
16391,Disease::DOID:175,PRESENTS,Symptom::D001416
16392,Disease::DOID:418,PRESENTS,Symptom::D011537
16393,Disease::DOID:1324,PRESENTS,Symptom::D018908
16394,Disease::DOID:3070,PRESENTS,Symptom::D020233
16395,Disease::DOID:11934,PRESENTS,Symptom::D004415
16396,Disease::DOID:1826,PRESENTS,Symptom::D020919
16397,Disease::DOID:2377,PRESENTS,Symptom::D005158
16398,Disease::DOID:263,PRESENTS,Symptom::D017116
16399,Disease::DOID:2355,PRESENTS,Symptom::D016534
16400,Disease::DOID:11934,PRESENTS,Symptom::D003371
16401,Disease::DOID:11949,PRESENTS,Symptom::D009207
16402,Disease::DOID:2841,PRESENTS,Symptom::D001724
16403,Disease::DOID:2355,PRESENTS,Symptom::D004614
16404,Disease::DOID:1312,PRESENTS,Symptom::D000419
16405,Disease::DOID:1319,PRESENTS,Symptom::D001766
16406,Disease::DOID:1024,PRESENTS,Symptom::D010292
16407,Disease::DOID:12236,PRESENTS,Symptom::D009755
16408,Disease::DOID:635,PRESENTS,Symptom::D009325
16409,Disease::DOID:1790,PRESENTS,Symptom::D005335
16410,Disease::DOID:3571,PRESENTS,Symptom::D010149
16411,Disease::DOID:216,PRESENTS,Symptom::D001835
16412,Disease::DOID:1793,PRESENTS,Symptom::D002100
16413,Disease::DOID:14330,PRESENTS,Symptom::D012678
16414,Disease::DOID:8850,PRESENTS,Symptom::D018908
16415,Disease::DOID:1319,PRESENTS,Symptom::D019569
16416,Disease::DOID:11934,PRESENTS,Symptom::D010243
16417,Disease::DOID:5612,PRESENTS,Symptom::D006732
16418,Disease::DOID:2355,PRESENTS,Symptom::D006472
16419,Disease::DOID:7147,PRESENTS,Symptom::D010243
16420,Disease::DOID:594,PRESENTS,Symptom::D006935
16421,Disease::DOID:3571,PRESENTS,Symptom::D002100
16422,Disease::DOID:2596,PRESENTS,Symptom::D014832
16423,Disease::DOID:1024,PRESENTS,Symptom::D009437
16424,Disease::DOID:13241,PRESENTS,Symptom::D009461
16425,Disease::DOID:10763,PRESENTS,Symptom::D001724
16426,Disease::DOID:1319,PRESENTS,Symptom::D002559
16427,Disease::DOID:4159,PRESENTS,Symptom::D012877
16428,Disease::DOID:10021,PRESENTS,Symptom::D041781
16429,Disease::DOID:263,PRESENTS,Symptom::D010264
16430,Disease::DOID:5559,PRESENTS,Symptom::D001416
16431,Disease::DOID:1790,PRESENTS,Symptom::D000006
16432,Disease::DOID:11054,PRESENTS,Symptom::D005334
16433,Disease::DOID:1686,PRESENTS,Symptom::D012415
16434,Disease::DOID:14004,PRESENTS,Symptom::D020335
16435,Disease::DOID:3083,PRESENTS,Symptom::D004417
16436,Disease::DOID:3571,PRESENTS,Symptom::D003967
16437,Disease::DOID:3565,PRESENTS,Symptom::D003244
16438,Disease::DOID:11920,PRESENTS,Symptom::D001049
16439,Disease::DOID:1192,PRESENTS,Symptom::D006732
16440,Disease::DOID:7148,PRESENTS,Symptom::D011694
16441,Disease::DOID:3565,PRESENTS,Symptom::D020233
16442,Disease::DOID:10941,PRESENTS,Symptom::D002559
16443,Disease::DOID:2841,PRESENTS,Symptom::D020181
16444,Disease::DOID:2377,PRESENTS,Symptom::D000326
16445,Disease::DOID:1324,PRESENTS,Symptom::D006732
16446,Disease::DOID:263,PRESENTS,Symptom::D005221
16447,Disease::DOID:184,PRESENTS,Symptom::D010243
16448,Disease::DOID:10283,PRESENTS,Symptom::D059226
16449,Disease::DOID:3571,PRESENTS,Symptom::D015746
16450,Disease::DOID:2355,PRESENTS,Symptom::D015746
16451,Disease::DOID:1725,PRESENTS,Symptom::D015746
16452,Disease::DOID:1094,PRESENTS,Symptom::D012678
16453,Disease::DOID:2377,PRESENTS,Symptom::D010264
16454,Disease::DOID:1319,PRESENTS,Symptom::D007806
16455,Disease::DOID:5559,PRESENTS,Symptom::D012135
16456,Disease::DOID:1826,PRESENTS,Symptom::D013009
16457,Disease::DOID:3953,PRESENTS,Symptom::D014770
16458,Disease::DOID:10021,PRESENTS,Symptom::D000855
16459,Disease::DOID:1319,PRESENTS,Symptom::D008580
16460,Disease::DOID:3571,PRESENTS,Symptom::D015160
16461,Disease::DOID:784,PRESENTS,Symptom::D013651
16462,Disease::DOID:1826,PRESENTS,Symptom::D011602
16463,Disease::DOID:1319,PRESENTS,Symptom::D001259
16464,Disease::DOID:1115,PRESENTS,Symptom::D011693
16465,Disease::DOID:5419,PRESENTS,Symptom::D013064
16466,Disease::DOID:11054,PRESENTS,Symptom::D011141
16467,Disease::DOID:184,PRESENTS,Symptom::D001416
16468,Disease::DOID:7148,PRESENTS,Symptom::D037061
16469,Disease::DOID:2841,PRESENTS,Symptom::D003490
16470,Disease::DOID:1319,PRESENTS,Symptom::D020915
16471,Disease::DOID:2994,PRESENTS,Symptom::D012585
16472,Disease::DOID:418,PRESENTS,Symptom::D009461
16473,Disease::DOID:0050425,PRESENTS,Symptom::D020187
16474,Disease::DOID:1612,PRESENTS,Symptom::D010146
16475,Disease::DOID:4989,PRESENTS,Symptom::D006396
16476,Disease::DOID:1319,PRESENTS,Symptom::D012640
16477,Disease::DOID:10941,PRESENTS,Symptom::D015878
16478,Disease::DOID:14330,PRESENTS,Symptom::D001184
16479,Disease::DOID:3070,PRESENTS,Symptom::D008569
16480,Disease::DOID:3277,PRESENTS,Symptom::D006337
16481,Disease::DOID:12361,PRESENTS,Symptom::D005132
16482,Disease::DOID:1324,PRESENTS,Symptom::D015845
16483,Disease::DOID:216,PRESENTS,Symptom::D006209
16484,Disease::DOID:13499,PRESENTS,Symptom::D015746
16485,Disease::DOID:3070,PRESENTS,Symptom::D012585
16486,Disease::DOID:3070,PRESENTS,Symptom::D010264
16487,Disease::DOID:184,PRESENTS,Symptom::D059390
16488,Disease::DOID:3312,PRESENTS,Symptom::D013064
16489,Disease::DOID:2394,PRESENTS,Symptom::D053578
16490,Disease::DOID:4362,PRESENTS,Symptom::D001750
16491,Disease::DOID:8986,PRESENTS,Symptom::D020923
16492,Disease::DOID:10763,PRESENTS,Symptom::D011141
16493,Disease::DOID:3953,PRESENTS,Symptom::D005335
16494,Disease::DOID:11934,PRESENTS,Symptom::D034381
16495,Disease::DOID:635,PRESENTS,Symptom::D003371
16496,Disease::DOID:11934,PRESENTS,Symptom::D002558
16497,Disease::DOID:263,PRESENTS,Symptom::D010149
16498,Disease::DOID:2994,PRESENTS,Symptom::D012607
16499,Disease::DOID:2994,PRESENTS,Symptom::D004244
16500,Disease::DOID:1094,PRESENTS,Symptom::D001184
16501,Disease::DOID:1319,PRESENTS,Symptom::D009886
16502,Disease::DOID:0060119,PRESENTS,Symptom::D004433
16503,Disease::DOID:1826,PRESENTS,Symptom::D000377
16504,Disease::DOID:418,PRESENTS,Symptom::D018771
16505,Disease::DOID:1319,PRESENTS,Symptom::D009325
16506,Disease::DOID:332,PRESENTS,Symptom::D003371
16507,Disease::DOID:594,PRESENTS,Symptom::D007319
16508,Disease::DOID:1459,PRESENTS,Symptom::D006685
16509,Disease::DOID:8893,PRESENTS,Symptom::D010146
16510,Disease::DOID:332,PRESENTS,Symptom::D001259
16511,Disease::DOID:1192,PRESENTS,Symptom::D013651
16512,Disease::DOID:2994,PRESENTS,Symptom::D004487
16513,Disease::DOID:8986,PRESENTS,Symptom::D012892
16514,Disease::DOID:13241,PRESENTS,Symptom::D005335
16515,Disease::DOID:8398,PRESENTS,Symptom::D020069
16516,Disease::DOID:0050741,PRESENTS,Symptom::D000381
16517,Disease::DOID:12365,PRESENTS,Symptom::D005335
16518,Disease::DOID:1245,PRESENTS,Symptom::D014550
16519,Disease::DOID:0060119,PRESENTS,Symptom::D006732
16520,Disease::DOID:1725,PRESENTS,Symptom::D000006
16521,Disease::DOID:1024,PRESENTS,Symptom::D004487
16522,Disease::DOID:4362,PRESENTS,Symptom::D011602
16523,Disease::DOID:11119,PRESENTS,Symptom::D002375
16524,Disease::DOID:2596,PRESENTS,Symptom::D012135
16525,Disease::DOID:4362,PRESENTS,Symptom::D009325
16526,Disease::DOID:5612,PRESENTS,Symptom::D020886
16527,Disease::DOID:7148,PRESENTS,Symptom::D002100
16528,Disease::DOID:5419,PRESENTS,Symptom::D012678
16529,Disease::DOID:14004,PRESENTS,Symptom::D010264
16530,Disease::DOID:10871,PRESENTS,Symptom::D002832
16531,Disease::DOID:1612,PRESENTS,Symptom::D003967
16532,Disease::DOID:2377,PRESENTS,Symptom::D012893
16533,Disease::DOID:14221,PRESENTS,Symptom::D064250
16534,Disease::DOID:1192,PRESENTS,Symptom::D012678
16535,Disease::DOID:9835,PRESENTS,Symptom::D015354
16536,Disease::DOID:11934,PRESENTS,Symptom::D013064
16537,Disease::DOID:4159,PRESENTS,Symptom::D005132
16538,Disease::DOID:2174,PRESENTS,Symptom::D005132
16539,Disease::DOID:13223,PRESENTS,Symptom::D010146
16540,Disease::DOID:1595,PRESENTS,Symptom::D017699
16541,Disease::DOID:11934,PRESENTS,Symptom::D009886
16542,Disease::DOID:3310,PRESENTS,Symptom::D011602
16543,Disease::DOID:3070,PRESENTS,Symptom::D000860
16544,Disease::DOID:12361,PRESENTS,Symptom::D016553
16545,Disease::DOID:2531,PRESENTS,Symptom::D051474
16546,Disease::DOID:11934,PRESENTS,Symptom::D019462
16547,Disease::DOID:2531,PRESENTS,Symptom::D005221
16548,Disease::DOID:12361,PRESENTS,Symptom::D014786
16549,Disease::DOID:6364,PRESENTS,Symptom::D010291
16550,Disease::DOID:2994,PRESENTS,Symptom::D008580
16551,Disease::DOID:9074,PRESENTS,Symptom::D011697
16552,Disease::DOID:1964,PRESENTS,Symptom::D002524
16553,Disease::DOID:2174,PRESENTS,Symptom::D001766
16554,Disease::DOID:7693,PRESENTS,Symptom::D017116
16555,Disease::DOID:10941,PRESENTS,Symptom::D018458
16556,Disease::DOID:12930,PRESENTS,Symptom::D013575
16557,Disease::DOID:9074,PRESENTS,Symptom::D006261
16558,Disease::DOID:8986,PRESENTS,Symptom::D020177
16559,Disease::DOID:8577,PRESENTS,Symptom::D005183
16560,Disease::DOID:6364,PRESENTS,Symptom::D020922
16561,Disease::DOID:1595,PRESENTS,Symptom::D008569
16562,Disease::DOID:1319,PRESENTS,Symptom::D009207
16563,Disease::DOID:11476,PRESENTS,Symptom::D011782
16564,Disease::DOID:4045,PRESENTS,Symptom::D004172
16565,Disease::DOID:9970,PRESENTS,Symptom::D013851
16566,Disease::DOID:332,PRESENTS,Symptom::D007806
16567,Disease::DOID:0050741,PRESENTS,Symptom::D014839
16568,Disease::DOID:1324,PRESENTS,Symptom::D010146
16569,Disease::DOID:263,PRESENTS,Symptom::D020335
16570,Disease::DOID:5559,PRESENTS,Symptom::D010243
16571,Disease::DOID:3070,PRESENTS,Symptom::D018908
16572,Disease::DOID:5408,PRESENTS,Symptom::D009461
16573,Disease::DOID:1324,PRESENTS,Symptom::D018437
16574,Disease::DOID:13223,PRESENTS,Symptom::D053159
16575,Disease::DOID:9835,PRESENTS,Symptom::D011304
16576,Disease::DOID:14004,PRESENTS,Symptom::D013575
16577,Disease::DOID:7147,PRESENTS,Symptom::D014103
16578,Disease::DOID:2986,PRESENTS,Symptom::D011507
16579,Disease::DOID:12306,PRESENTS,Symptom::D019080
16580,Disease::DOID:12849,PRESENTS,Symptom::D004688
16581,Disease::DOID:3083,PRESENTS,Symptom::D020182
16582,Disease::DOID:2998,PRESENTS,Symptom::D001416
16583,Disease::DOID:332,PRESENTS,Symptom::D020385
16584,Disease::DOID:11119,PRESENTS,Symptom::D009207
16585,Disease::DOID:1612,PRESENTS,Symptom::D018771
16586,Disease::DOID:0060119,PRESENTS,Symptom::D002558
16587,Disease::DOID:635,PRESENTS,Symptom::D015746
16588,Disease::DOID:14330,PRESENTS,Symptom::D012021
16589,Disease::DOID:1909,PRESENTS,Symptom::D006930
16590,Disease::DOID:13241,PRESENTS,Symptom::D012877
16591,Disease::DOID:1115,PRESENTS,Symptom::D002100
16592,Disease::DOID:11119,PRESENTS,Symptom::D020323
16593,Disease::DOID:10941,PRESENTS,Symptom::D014786
16594,Disease::DOID:10534,PRESENTS,Symptom::D003967
16595,Disease::DOID:12306,PRESENTS,Symptom::D007565
16596,Disease::DOID:1459,PRESENTS,Symptom::D006319
16597,Disease::DOID:11615,PRESENTS,Symptom::D010148
16598,Disease::DOID:363,PRESENTS,Symptom::D000855
16599,Disease::DOID:1319,PRESENTS,Symptom::D003244
16600,Disease::DOID:13378,PRESENTS,Symptom::D005158
16601,Disease::DOID:1826,PRESENTS,Symptom::D011596
16602,Disease::DOID:1319,PRESENTS,Symptom::D009155
16603,Disease::DOID:3070,PRESENTS,Symptom::D005207
16604,Disease::DOID:6364,PRESENTS,Symptom::D003085
16605,Disease::DOID:12930,PRESENTS,Symptom::D000787
16606,Disease::DOID:1459,PRESENTS,Symptom::D003638
16607,Disease::DOID:5419,PRESENTS,Symptom::D005311
16608,Disease::DOID:14330,PRESENTS,Symptom::D012148
16609,Disease::DOID:14330,PRESENTS,Symptom::D020820
16610,Disease::DOID:418,PRESENTS,Symptom::D006942
16611,Disease::DOID:13499,PRESENTS,Symptom::D000006
16612,Disease::DOID:5559,PRESENTS,Symptom::D004487
16613,Disease::DOID:13223,PRESENTS,Symptom::D004415
16614,Disease::DOID:9008,PRESENTS,Symptom::D005221
16615,Disease::DOID:8986,PRESENTS,Symptom::D002385
16616,Disease::DOID:5419,PRESENTS,Symptom::D019954
16617,Disease::DOID:2355,PRESENTS,Symptom::D011696
16618,Disease::DOID:11476,PRESENTS,Symptom::D018908
16619,Disease::DOID:1319,PRESENTS,Symptom::D006423
16620,Disease::DOID:5612,PRESENTS,Symptom::D010264
16621,Disease::DOID:14330,PRESENTS,Symptom::D009127
16622,Disease::DOID:1459,PRESENTS,Symptom::D009120
16623,Disease::DOID:263,PRESENTS,Symptom::D021501
16624,Disease::DOID:635,PRESENTS,Symptom::D003693
16625,Disease::DOID:5612,PRESENTS,Symptom::D017116
16626,Disease::DOID:1612,PRESENTS,Symptom::D001835
16627,Disease::DOID:1245,PRESENTS,Symptom::D010146
16628,Disease::DOID:2174,PRESENTS,Symptom::D014823
16629,Disease::DOID:3953,PRESENTS,Symptom::D059606
16630,Disease::DOID:2994,PRESENTS,Symptom::D012678
16631,Disease::DOID:2355,PRESENTS,Symptom::D010167
16632,Disease::DOID:8778,PRESENTS,Symptom::D009325
16633,Disease::DOID:1595,PRESENTS,Symptom::D001037
16634,Disease::DOID:1024,PRESENTS,Symptom::D000370
16635,Disease::DOID:363,PRESENTS,Symptom::D005335
16636,Disease::DOID:10763,PRESENTS,Symptom::D001835
16637,Disease::DOID:3393,PRESENTS,Symptom::D017566
16638,Disease::DOID:5875,PRESENTS,Symptom::D005335
16639,Disease::DOID:0060119,PRESENTS,Symptom::D012891
16640,Disease::DOID:13223,PRESENTS,Symptom::D015746
16641,Disease::DOID:10941,PRESENTS,Symptom::D003655
16642,Disease::DOID:11612,PRESENTS,Symptom::D050177
16643,Disease::DOID:784,PRESENTS,Symptom::D005221
16644,Disease::DOID:1459,PRESENTS,Symptom::D001724
16645,Disease::DOID:10763,PRESENTS,Symptom::D006337
16646,Disease::DOID:2355,PRESENTS,Symptom::D009846
16647,Disease::DOID:5408,PRESENTS,Symptom::D004244
16648,Disease::DOID:10652,PRESENTS,Symptom::D009127
16649,Disease::DOID:4989,PRESENTS,Symptom::D017288
16650,Disease::DOID:7148,PRESENTS,Symptom::D005335
16651,Disease::DOID:1686,PRESENTS,Symptom::D002832
16652,Disease::DOID:9074,PRESENTS,Symptom::D009461
16653,Disease::DOID:1936,PRESENTS,Symptom::D001835
16654,Disease::DOID:3070,PRESENTS,Symptom::D000647
16655,Disease::DOID:1725,PRESENTS,Symptom::D003967
16656,Disease::DOID:2531,PRESENTS,Symptom::D011693
16657,Disease::DOID:784,PRESENTS,Symptom::D009461
16658,Disease::DOID:175,PRESENTS,Symptom::D000860
16659,Disease::DOID:1094,PRESENTS,Symptom::D013064
16660,Disease::DOID:3953,PRESENTS,Symptom::D017116
16661,Disease::DOID:0050425,PRESENTS,Symptom::D010292
16662,Disease::DOID:7148,PRESENTS,Symptom::D001416
16663,Disease::DOID:2994,PRESENTS,Symptom::D006316
16664,Disease::DOID:9352,PRESENTS,Symptom::D018589
16665,Disease::DOID:2994,PRESENTS,Symptom::D002559
16666,Disease::DOID:12849,PRESENTS,Symptom::D003248
16667,Disease::DOID:1115,PRESENTS,Symptom::D010292
16668,Disease::DOID:2596,PRESENTS,Symptom::D004433
16669,Disease::DOID:0060119,PRESENTS,Symptom::D012135
16670,Disease::DOID:10283,PRESENTS,Symptom::D000860
16671,Disease::DOID:0060119,PRESENTS,Symptom::D014839
16672,Disease::DOID:11934,PRESENTS,Symptom::D004172
16673,Disease::DOID:11054,PRESENTS,Symptom::D005414
16674,Disease::DOID:2377,PRESENTS,Symptom::D009133
16675,Disease::DOID:2994,PRESENTS,Symptom::D006987
16676,Disease::DOID:9835,PRESENTS,Symptom::D003635
16677,Disease::DOID:2994,PRESENTS,Symptom::D001766
16678,Disease::DOID:2043,PRESENTS,Symptom::D016553
16679,Disease::DOID:2355,PRESENTS,Symptom::D010292
16680,Disease::DOID:1793,PRESENTS,Symptom::D041781
16681,Disease::DOID:1595,PRESENTS,Symptom::D006261
16682,Disease::DOID:9296,PRESENTS,Symptom::D001724
16683,Disease::DOID:1686,PRESENTS,Symptom::D003117
16684,Disease::DOID:11949,PRESENTS,Symptom::D001072
16685,Disease::DOID:1686,PRESENTS,Symptom::D004487
16686,Disease::DOID:2998,PRESENTS,Symptom::D014839
16687,Disease::DOID:4989,PRESENTS,Symptom::D004415
16688,Disease::DOID:8986,PRESENTS,Symptom::D012893
16689,Disease::DOID:3070,PRESENTS,Symptom::D003221
16690,Disease::DOID:10021,PRESENTS,Symptom::D014839
16691,Disease::DOID:9744,PRESENTS,Symptom::D018589
16692,Disease::DOID:2994,PRESENTS,Symptom::D065634
16693,Disease::DOID:10021,PRESENTS,Symptom::D000006
16694,Disease::DOID:14330,PRESENTS,Symptom::D055154
16695,Disease::DOID:7147,PRESENTS,Symptom::D006942
16696,Disease::DOID:14004,PRESENTS,Symptom::D006396
16697,Disease::DOID:14221,PRESENTS,Symptom::D009765
16698,Disease::DOID:1936,PRESENTS,Symptom::D020181
16699,Disease::DOID:12930,PRESENTS,Symptom::D005311
16700,Disease::DOID:1790,PRESENTS,Symptom::D010146
16701,Disease::DOID:3565,PRESENTS,Symptom::D005157
16702,Disease::DOID:5041,PRESENTS,Symptom::D002100
16703,Disease::DOID:332,PRESENTS,Symptom::D062706
16704,Disease::DOID:3083,PRESENTS,Symptom::D012893
16705,Disease::DOID:332,PRESENTS,Symptom::D012021
16706,Disease::DOID:11949,PRESENTS,Symptom::D009128
16707,Disease::DOID:11476,PRESENTS,Symptom::D051346
16708,Disease::DOID:12849,PRESENTS,Symptom::D003410
16709,Disease::DOID:2174,PRESENTS,Symptom::D004438
16710,Disease::DOID:8986,PRESENTS,Symptom::D007319
16711,Disease::DOID:4159,PRESENTS,Symptom::D011693
16712,Disease::DOID:5559,PRESENTS,Symptom::D006337
16713,Disease::DOID:216,PRESENTS,Symptom::D001724
16714,Disease::DOID:10534,PRESENTS,Symptom::D001835
16715,Disease::DOID:10283,PRESENTS,Symptom::D005414
16716,Disease::DOID:13241,PRESENTS,Symptom::D006311
16717,Disease::DOID:332,PRESENTS,Symptom::D014832
16718,Disease::DOID:9296,PRESENTS,Symptom::D006314
16719,Disease::DOID:12365,PRESENTS,Symptom::D023341
16720,Disease::DOID:2355,PRESENTS,Symptom::D006942
16721,Disease::DOID:1826,PRESENTS,Symptom::D053609
16722,Disease::DOID:1790,PRESENTS,Symptom::D015431
16723,Disease::DOID:2998,PRESENTS,Symptom::D010264
16724,Disease::DOID:1312,PRESENTS,Symptom::D007625
16725,Disease::DOID:8778,PRESENTS,Symptom::D017116
16726,Disease::DOID:2596,PRESENTS,Symptom::D006685
16727,Disease::DOID:12365,PRESENTS,Symptom::D012166
16728,Disease::DOID:11119,PRESENTS,Symptom::D011596
16729,Disease::DOID:14004,PRESENTS,Symptom::D001416
16730,Disease::DOID:3083,PRESENTS,Symptom::D009133
16731,Disease::DOID:0060119,PRESENTS,Symptom::D014832
16732,Disease::DOID:2355,PRESENTS,Symptom::D041781
16733,Disease::DOID:4045,PRESENTS,Symptom::D014313
16734,Disease::DOID:5408,PRESENTS,Symptom::D006314
16735,Disease::DOID:7148,PRESENTS,Symptom::D001259
16736,Disease::DOID:11054,PRESENTS,Symptom::D010264
16737,Disease::DOID:0050742,PRESENTS,Symptom::D005311
16738,Disease::DOID:8778,PRESENTS,Symptom::D009912
16739,Disease::DOID:5419,PRESENTS,Symptom::D009155
16740,Disease::DOID:1024,PRESENTS,Symptom::D020233
16741,Disease::DOID:5612,PRESENTS,Symptom::D012585
16742,Disease::DOID:1245,PRESENTS,Symptom::D012877
16743,Disease::DOID:1993,PRESENTS,Symptom::D014549
16744,Disease::DOID:332,PRESENTS,Symptom::D009222
16745,Disease::DOID:1192,PRESENTS,Symptom::D004244
16746,Disease::DOID:2994,PRESENTS,Symptom::D002832
16747,Disease::DOID:784,PRESENTS,Symptom::D000472
16748,Disease::DOID:14004,PRESENTS,Symptom::D018908
16749,Disease::DOID:3953,PRESENTS,Symptom::D007024
16750,Disease::DOID:11934,PRESENTS,Symptom::D000860
16751,Disease::DOID:13223,PRESENTS,Symptom::D001247
16752,Disease::DOID:5041,PRESENTS,Symptom::D004415
16753,Disease::DOID:12849,PRESENTS,Symptom::D007806
16754,Disease::DOID:6364,PRESENTS,Symptom::D020078
16755,Disease::DOID:9744,PRESENTS,Symptom::D004314
16756,Disease::DOID:11934,PRESENTS,Symptom::D009461
16757,Disease::DOID:11934,PRESENTS,Symptom::D003967
16758,Disease::DOID:4989,PRESENTS,Symptom::D011695
16759,Disease::DOID:1993,PRESENTS,Symptom::D010146
16760,Disease::DOID:1612,PRESENTS,Symptom::D012678
16761,Disease::DOID:10534,PRESENTS,Symptom::D004614
16762,Disease::DOID:8893,PRESENTS,Symptom::D011602
16763,Disease::DOID:3393,PRESENTS,Symptom::D054058
16764,Disease::DOID:3571,PRESENTS,Symptom::D041781
16765,Disease::DOID:12930,PRESENTS,Symptom::D005183
16766,Disease::DOID:1024,PRESENTS,Symptom::D006941
16767,Disease::DOID:1192,PRESENTS,Symptom::D006312
16768,Disease::DOID:13241,PRESENTS,Symptom::D001766
16769,Disease::DOID:14221,PRESENTS,Symptom::D059411
16770,Disease::DOID:1612,PRESENTS,Symptom::D059352
16771,Disease::DOID:0050156,PRESENTS,Symptom::D012135
16772,Disease::DOID:3070,PRESENTS,Symptom::D001259
16773,Disease::DOID:11934,PRESENTS,Symptom::D002637
16774,Disease::DOID:0050156,PRESENTS,Symptom::D003371
16775,Disease::DOID:0050741,PRESENTS,Symptom::D003117
16776,Disease::DOID:14268,PRESENTS,Symptom::D015746
16777,Disease::DOID:184,PRESENTS,Symptom::D005158
16778,Disease::DOID:12236,PRESENTS,Symptom::D007565
16779,Disease::DOID:8577,PRESENTS,Symptom::D018771
16780,Disease::DOID:5408,PRESENTS,Symptom::D010146
16781,Disease::DOID:3277,PRESENTS,Symptom::D018908
16782,Disease::DOID:2174,PRESENTS,Symptom::D005130
16783,Disease::DOID:5612,PRESENTS,Symptom::D009128
16784,Disease::DOID:2994,PRESENTS,Symptom::D005334
16785,Disease::DOID:0050742,PRESENTS,Symptom::D017288
16786,Disease::DOID:1319,PRESENTS,Symptom::D000857
16787,Disease::DOID:11949,PRESENTS,Symptom::D055964
16788,Disease::DOID:7148,PRESENTS,Symptom::D006314
16789,Disease::DOID:2994,PRESENTS,Symptom::D001416
16790,Disease::DOID:1192,PRESENTS,Symptom::D037061
16791,Disease::DOID:5041,PRESENTS,Symptom::D014826
16792,Disease::DOID:11119,PRESENTS,Symptom::D011595
16793,Disease::DOID:1094,PRESENTS,Symptom::D010468
16794,Disease::DOID:7147,PRESENTS,Symptom::D009461
16795,Disease::DOID:0050741,PRESENTS,Symptom::D009133
16796,Disease::DOID:2994,PRESENTS,Symptom::D012877
16797,Disease::DOID:3565,PRESENTS,Symptom::D004172
16798,Disease::DOID:10652,PRESENTS,Symptom::D020233
16799,Disease::DOID:1459,PRESENTS,Symptom::D003128
16800,Disease::DOID:12849,PRESENTS,Symptom::D008607
16801,Disease::DOID:2998,PRESENTS,Symptom::D004314
16802,Disease::DOID:184,PRESENTS,Symptom::D009461
16803,Disease::DOID:594,PRESENTS,Symptom::D006985
16804,Disease::DOID:1324,PRESENTS,Symptom::D010292
16805,Disease::DOID:1993,PRESENTS,Symptom::D053159
16806,Disease::DOID:3393,PRESENTS,Symptom::D060050
16807,Disease::DOID:11934,PRESENTS,Symptom::D004417
16808,Disease::DOID:8986,PRESENTS,Symptom::D020188
16809,Disease::DOID:14221,PRESENTS,Symptom::D056128
16810,Disease::DOID:184,PRESENTS,Symptom::D005132
16811,Disease::DOID:2355,PRESENTS,Symptom::D014884
16812,Disease::DOID:11949,PRESENTS,Symptom::D018888
16813,Disease::DOID:1793,PRESENTS,Symptom::D010146
16814,Disease::DOID:3565,PRESENTS,Symptom::D015875
16815,Disease::DOID:10652,PRESENTS,Symptom::D020078
16816,Disease::DOID:5875,PRESENTS,Symptom::D003085
16817,Disease::DOID:363,PRESENTS,Symptom::D005334
16818,Disease::DOID:1094,PRESENTS,Symptom::D020323
16819,Disease::DOID:4159,PRESENTS,Symptom::D010149
16820,Disease::DOID:10763,PRESENTS,Symptom::D011507
16821,Disease::DOID:1459,PRESENTS,Symptom::D018980
16822,Disease::DOID:0050741,PRESENTS,Symptom::D001835
16823,Disease::DOID:9352,PRESENTS,Symptom::D001724
16824,Disease::DOID:11119,PRESENTS,Symptom::D004421
16825,Disease::DOID:2986,PRESENTS,Symptom::D006942
16826,Disease::DOID:1115,PRESENTS,Symptom::D009325
16827,Disease::DOID:2355,PRESENTS,Symptom::D005335
16828,Disease::DOID:332,PRESENTS,Symptom::D000381
16829,Disease::DOID:9074,PRESENTS,Symptom::D000006
16830,Disease::DOID:7147,PRESENTS,Symptom::D005132
16831,Disease::DOID:10534,PRESENTS,Symptom::D004884
16832,Disease::DOID:10871,PRESENTS,Symptom::D004487
16833,Disease::DOID:1612,PRESENTS,Symptom::D005221
16834,Disease::DOID:5408,PRESENTS,Symptom::D013746
16835,Disease::DOID:3121,PRESENTS,Symptom::D007565
16836,Disease::DOID:10941,PRESENTS,Symptom::D014717
16837,Disease::DOID:2377,PRESENTS,Symptom::D020233
16838,Disease::DOID:3565,PRESENTS,Symptom::D010291
16839,Disease::DOID:1595,PRESENTS,Symptom::D007859
16840,Disease::DOID:12930,PRESENTS,Symptom::D002303
16841,Disease::DOID:2994,PRESENTS,Symptom::D006311
16842,Disease::DOID:3070,PRESENTS,Symptom::D004411
16843,Disease::DOID:1909,PRESENTS,Symptom::D014839
16844,Disease::DOID:11119,PRESENTS,Symptom::D007859
16845,Disease::DOID:10941,PRESENTS,Symptom::D012166
16846,Disease::DOID:10534,PRESENTS,Symptom::D005414
16847,Disease::DOID:9352,PRESENTS,Symptom::D017566
16848,Disease::DOID:12930,PRESENTS,Symptom::D052120
16849,Disease::DOID:11920,PRESENTS,Symptom::D004417
16850,Disease::DOID:6364,PRESENTS,Symptom::D014717
16851,Disease::DOID:3571,PRESENTS,Symptom::D011696
16852,Disease::DOID:4159,PRESENTS,Symptom::D011539
16853,Disease::DOID:8398,PRESENTS,Symptom::D059352
16854,Disease::DOID:11934,PRESENTS,Symptom::D006396
16855,Disease::DOID:5419,PRESENTS,Symptom::D015430
16856,Disease::DOID:10283,PRESENTS,Symptom::D010149
16857,Disease::DOID:2994,PRESENTS,Symptom::D014770
16858,Disease::DOID:2994,PRESENTS,Symptom::D005483
16859,Disease::DOID:2994,PRESENTS,Symptom::D055154
16860,Disease::DOID:1793,PRESENTS,Symptom::D058568
16861,Disease::DOID:12849,PRESENTS,Symptom::D001259
16862,Disease::DOID:10941,PRESENTS,Symptom::D004244
16863,Disease::DOID:11934,PRESENTS,Symptom::D009325
16864,Disease::DOID:11920,PRESENTS,Symptom::D006469
16865,Disease::DOID:11949,PRESENTS,Symptom::D010291
16866,Disease::DOID:10534,PRESENTS,Symptom::D005221
16867,Disease::DOID:216,PRESENTS,Symptom::D014098
16868,Disease::DOID:1826,PRESENTS,Symptom::D020828
16869,Disease::DOID:13378,PRESENTS,Symptom::D015746
16870,Disease::DOID:9835,PRESENTS,Symptom::D012166
16871,Disease::DOID:2994,PRESENTS,Symptom::D058447
16872,Disease::DOID:1936,PRESENTS,Symptom::D056128
16873,Disease::DOID:3277,PRESENTS,Symptom::D003371
16874,Disease::DOID:6364,PRESENTS,Symptom::D053591
16875,Disease::DOID:9744,PRESENTS,Symptom::D000419
16876,Disease::DOID:2994,PRESENTS,Symptom::D010292
16877,Disease::DOID:3070,PRESENTS,Symptom::D009155
16878,Disease::DOID:1826,PRESENTS,Symptom::D006429
16879,Disease::DOID:14330,PRESENTS,Symptom::D020923
16880,Disease::DOID:10652,PRESENTS,Symptom::D007806
16881,Disease::DOID:4159,PRESENTS,Symptom::D010292
16882,Disease::DOID:10941,PRESENTS,Symptom::D014823
16883,Disease::DOID:8577,PRESENTS,Symptom::D000006
16884,Disease::DOID:11934,PRESENTS,Symptom::D005158
16885,Disease::DOID:4045,PRESENTS,Symptom::D010148
16886,Disease::DOID:11054,PRESENTS,Symptom::D015746
16887,Disease::DOID:5419,PRESENTS,Symptom::D006212
16888,Disease::DOID:2377,PRESENTS,Symptom::D005222
16889,Disease::DOID:11476,PRESENTS,Symptom::D008998
16890,Disease::DOID:14004,PRESENTS,Symptom::D018437
16891,Disease::DOID:14004,PRESENTS,Symptom::D010291
16892,Disease::DOID:7693,PRESENTS,Symptom::D054068
16893,Disease::DOID:3312,PRESENTS,Symptom::D017109
16894,Disease::DOID:175,PRESENTS,Symptom::D054160
16895,Disease::DOID:5041,PRESENTS,Symptom::D006396
16896,Disease::DOID:784,PRESENTS,Symptom::D007926
16897,Disease::DOID:1826,PRESENTS,Symptom::D005334
16898,Disease::DOID:2394,PRESENTS,Symptom::D014839
16899,Disease::DOID:1595,PRESENTS,Symptom::D003693
16900,Disease::DOID:1024,PRESENTS,Symptom::D012021
16901,Disease::DOID:2355,PRESENTS,Symptom::D011507
16902,Disease::DOID:12306,PRESENTS,Symptom::D001260
16903,Disease::DOID:1826,PRESENTS,Symptom::D015518
16904,Disease::DOID:10534,PRESENTS,Symptom::D001260
16905,Disease::DOID:5419,PRESENTS,Symptom::D002389
16906,Disease::DOID:9352,PRESENTS,Symptom::D001835
16907,Disease::DOID:2377,PRESENTS,Symptom::D020828
16908,Disease::DOID:1115,PRESENTS,Symptom::D010148
16909,Disease::DOID:11949,PRESENTS,Symptom::D007319
16910,Disease::DOID:5559,PRESENTS,Symptom::D005483
16911,Disease::DOID:0050741,PRESENTS,Symptom::D009461
16912,Disease::DOID:1909,PRESENTS,Symptom::D010292
16913,Disease::DOID:2355,PRESENTS,Symptom::D059787
16914,Disease::DOID:1793,PRESENTS,Symptom::D007565
16915,Disease::DOID:2994,PRESENTS,Symptom::D004614
16916,Disease::DOID:1324,PRESENTS,Symptom::D010243
16917,Disease::DOID:2355,PRESENTS,Symptom::D018496
16918,Disease::DOID:2994,PRESENTS,Symptom::D006685
16919,Disease::DOID:1115,PRESENTS,Symptom::D010591
16920,Disease::DOID:5041,PRESENTS,Symptom::D001044
16921,Disease::DOID:1826,PRESENTS,Symptom::D020921
16922,Disease::DOID:4481,PRESENTS,Symptom::D012891
16923,Disease::DOID:1115,PRESENTS,Symptom::D005158
16924,Disease::DOID:332,PRESENTS,Symptom::D009120
16925,Disease::DOID:1781,PRESENTS,Symptom::D003967
16926,Disease::DOID:594,PRESENTS,Symptom::D002637
16927,Disease::DOID:1319,PRESENTS,Symptom::D020233
16928,Disease::DOID:1312,PRESENTS,Symptom::D011507
16929,Disease::DOID:2355,PRESENTS,Symptom::D016553
16930,Disease::DOID:7693,PRESENTS,Symptom::D001416
16931,Disease::DOID:11934,PRESENTS,Symptom::D004408
16932,Disease::DOID:8893,PRESENTS,Symptom::D013746
16933,Disease::DOID:12185,PRESENTS,Symptom::D012001
16934,Disease::DOID:9744,PRESENTS,Symptom::D001724
16935,Disease::DOID:1993,PRESENTS,Symptom::D015746
16936,Disease::DOID:11476,PRESENTS,Symptom::D006429
16937,Disease::DOID:10534,PRESENTS,Symptom::D000855
16938,Disease::DOID:12930,PRESENTS,Symptom::D009123
16939,Disease::DOID:2994,PRESENTS,Symptom::D019547
16940,Disease::DOID:0050741,PRESENTS,Symptom::D000550
16941,Disease::DOID:0050741,PRESENTS,Symptom::D005483
16942,Disease::DOID:418,PRESENTS,Symptom::D004489
16943,Disease::DOID:5419,PRESENTS,Symptom::D003147
16944,Disease::DOID:4989,PRESENTS,Symptom::D059265
16945,Disease::DOID:1826,PRESENTS,Symptom::D013746
16946,Disease::DOID:1595,PRESENTS,Symptom::D009325
16947,Disease::DOID:263,PRESENTS,Symptom::D000855
16948,Disease::DOID:418,PRESENTS,Symptom::D000006
16949,Disease::DOID:2355,PRESENTS,Symptom::D001724
16950,Disease::DOID:3565,PRESENTS,Symptom::D001766
16951,Disease::DOID:585,PRESENTS,Symptom::D011507
16952,Disease::DOID:10763,PRESENTS,Symptom::D004244
16953,Disease::DOID:184,PRESENTS,Symptom::D006319
16954,Disease::DOID:594,PRESENTS,Symptom::D012892
16955,Disease::DOID:4045,PRESENTS,Symptom::D000860
16956,Disease::DOID:1793,PRESENTS,Symptom::D010149
16957,Disease::DOID:784,PRESENTS,Symptom::D011695
16958,Disease::DOID:11949,PRESENTS,Symptom::D020754
16959,Disease::DOID:10534,PRESENTS,Symptom::D003248
16960,Disease::DOID:0050156,PRESENTS,Symptom::D019588
16961,Disease::DOID:6364,PRESENTS,Symptom::D060486
16962,Disease::DOID:10763,PRESENTS,Symptom::D012021
16963,Disease::DOID:184,PRESENTS,Symptom::D002558
16964,Disease::DOID:1324,PRESENTS,Symptom::D016553
16965,Disease::DOID:4045,PRESENTS,Symptom::D001416
16966,Disease::DOID:418,PRESENTS,Symptom::D011507
16967,Disease::DOID:1192,PRESENTS,Symptom::D005157
16968,Disease::DOID:3070,PRESENTS,Symptom::D001072
16969,Disease::DOID:1826,PRESENTS,Symptom::D012893
16970,Disease::DOID:1686,PRESENTS,Symptom::D015878
16971,Disease::DOID:2377,PRESENTS,Symptom::D009437
16972,Disease::DOID:1686,PRESENTS,Symptom::D011681
16973,Disease::DOID:3565,PRESENTS,Symptom::D006261
16974,Disease::DOID:3953,PRESENTS,Symptom::D011141
16975,Disease::DOID:11119,PRESENTS,Symptom::D015518
16976,Disease::DOID:3070,PRESENTS,Symptom::D007806
16977,Disease::DOID:0050425,PRESENTS,Symptom::D020754
16978,Disease::DOID:5612,PRESENTS,Symptom::D009207
16979,Disease::DOID:9206,PRESENTS,Symptom::D009765
16980,Disease::DOID:9835,PRESENTS,Symptom::D012415
16981,Disease::DOID:7148,PRESENTS,Symptom::D009461
16982,Disease::DOID:5875,PRESENTS,Symptom::D009437
16983,Disease::DOID:13241,PRESENTS,Symptom::D018771
16984,Disease::DOID:1595,PRESENTS,Symptom::D014012
16985,Disease::DOID:7147,PRESENTS,Symptom::D005221
16986,Disease::DOID:0050741,PRESENTS,Symptom::D001308
16987,Disease::DOID:1115,PRESENTS,Symptom::D000855
16988,Disease::DOID:5041,PRESENTS,Symptom::D003967
16989,Disease::DOID:1319,PRESENTS,Symptom::D000648
16990,Disease::DOID:7147,PRESENTS,Symptom::D017116
16991,Disease::DOID:14330,PRESENTS,Symptom::D003248
16992,Disease::DOID:13223,PRESENTS,Symptom::D019584
16993,Disease::DOID:1826,PRESENTS,Symptom::D003221
16994,Disease::DOID:13378,PRESENTS,Symptom::D005335
16995,Disease::DOID:3571,PRESENTS,Symptom::D006942
16996,Disease::DOID:3277,PRESENTS,Symptom::D003967
16997,Disease::DOID:1686,PRESENTS,Symptom::D015845
16998,Disease::DOID:2841,PRESENTS,Symptom::D012135
16999,Disease::DOID:6364,PRESENTS,Symptom::D019547
17000,Disease::DOID:10608,PRESENTS,Symptom::D011693
17001,Disease::DOID:10941,PRESENTS,Symptom::D019569
17002,Disease::DOID:1936,PRESENTS,Symptom::D020757
17003,Disease::DOID:13378,PRESENTS,Symptom::D054078
17004,Disease::DOID:3571,PRESENTS,Symptom::D055948
17005,Disease::DOID:1612,PRESENTS,Symptom::D012893
17006,Disease::DOID:9352,PRESENTS,Symptom::D009765
17007,Disease::DOID:14330,PRESENTS,Symptom::D014103
17008,Disease::DOID:2355,PRESENTS,Symptom::D003117
17009,Disease::DOID:2998,PRESENTS,Symptom::D015746
17010,Disease::DOID:0050741,PRESENTS,Symptom::D002524
17011,Disease::DOID:1595,PRESENTS,Symptom::D000648
17012,Disease::DOID:9835,PRESENTS,Symptom::D013035
17013,Disease::DOID:3312,PRESENTS,Symptom::D007859
17014,Disease::DOID:219,PRESENTS,Symptom::D001835
17015,Disease::DOID:3312,PRESENTS,Symptom::D010291
17016,Disease::DOID:8893,PRESENTS,Symptom::D009912
17017,Disease::DOID:9074,PRESENTS,Symptom::D015746
17018,Disease::DOID:12849,PRESENTS,Symptom::D012893
17019,Disease::DOID:1936,PRESENTS,Symptom::D000787
17020,Disease::DOID:1993,PRESENTS,Symptom::D003248
17021,Disease::DOID:3083,PRESENTS,Symptom::D018908
17022,Disease::DOID:7147,PRESENTS,Symptom::D010264
17023,Disease::DOID:184,PRESENTS,Symptom::D009912
17024,Disease::DOID:12849,PRESENTS,Symptom::D004410
17025,Disease::DOID:0050425,PRESENTS,Symptom::D012893
17026,Disease::DOID:363,PRESENTS,Symptom::D004412
17027,Disease::DOID:184,PRESENTS,Symptom::D000550
17028,Disease::DOID:11476,PRESENTS,Symptom::D001247
17029,Disease::DOID:13241,PRESENTS,Symptom::D010291
17030,Disease::DOID:2377,PRESENTS,Symptom::D010291
17031,Disease::DOID:2994,PRESENTS,Symptom::D006469
17032,Disease::DOID:4481,PRESENTS,Symptom::D012912
17033,Disease::DOID:216,PRESENTS,Symptom::D009912
17034,Disease::DOID:3312,PRESENTS,Symptom::D002032
17035,Disease::DOID:216,PRESENTS,Symptom::D002032
17036,Disease::DOID:3565,PRESENTS,Symptom::D012585
17037,Disease::DOID:1964,PRESENTS,Symptom::D014549
17038,Disease::DOID:11612,PRESENTS,Symptom::D001835
17039,Disease::DOID:332,PRESENTS,Symptom::D007040
17040,Disease::DOID:4362,PRESENTS,Symptom::D017699
17041,Disease::DOID:3083,PRESENTS,Symptom::D012891
17042,Disease::DOID:4606,PRESENTS,Symptom::D007565
17043,Disease::DOID:2994,PRESENTS,Symptom::D005130
17044,Disease::DOID:11476,PRESENTS,Symptom::D017116
17045,Disease::DOID:585,PRESENTS,Symptom::D001416
17046,Disease::DOID:2355,PRESENTS,Symptom::D012166
17047,Disease::DOID:1094,PRESENTS,Symptom::D018980
17048,Disease::DOID:2377,PRESENTS,Symptom::D013064
17049,Disease::DOID:11934,PRESENTS,Symptom::D006469
17050,Disease::DOID:14004,PRESENTS,Symptom::D006685
17051,Disease::DOID:8893,PRESENTS,Symptom::D009325
17052,Disease::DOID:0060119,PRESENTS,Symptom::D004487
17053,Disease::DOID:1725,PRESENTS,Symptom::D005334
17054,Disease::DOID:11054,PRESENTS,Symptom::D000855
17055,Disease::DOID:10652,PRESENTS,Symptom::D000425
17056,Disease::DOID:12361,PRESENTS,Symptom::D012877
17057,Disease::DOID:8398,PRESENTS,Symptom::D009133
17058,Disease::DOID:8577,PRESENTS,Symptom::D014839
17059,Disease::DOID:11119,PRESENTS,Symptom::D017109
17060,Disease::DOID:2394,PRESENTS,Symptom::D005334
17061,Disease::DOID:11934,PRESENTS,Symptom::D020069
17062,Disease::DOID:4362,PRESENTS,Symptom::D003248
17063,Disease::DOID:14004,PRESENTS,Symptom::D006469
17064,Disease::DOID:3083,PRESENTS,Symptom::D003490
17065,Disease::DOID:263,PRESENTS,Symptom::D041781
17066,Disease::DOID:2994,PRESENTS,Symptom::D004314
17067,Disease::DOID:11555,PRESENTS,Symptom::D051346
17068,Disease::DOID:3312,PRESENTS,Symptom::D062706
17069,Disease::DOID:9744,PRESENTS,Symptom::D004415
17070,Disease::DOID:6364,PRESENTS,Symptom::D009325
17071,Disease::DOID:9835,PRESENTS,Symptom::D010149
17072,Disease::DOID:1319,PRESENTS,Symptom::D001072
17073,Disease::DOID:184,PRESENTS,Symptom::D011782
17074,Disease::DOID:6364,PRESENTS,Symptom::D015878
17075,Disease::DOID:1319,PRESENTS,Symptom::D020250
17076,Disease::DOID:216,PRESENTS,Symptom::D006472
17077,Disease::DOID:10534,PRESENTS,Symptom::D014840
17078,Disease::DOID:10763,PRESENTS,Symptom::D006317
17079,Disease::DOID:11239,PRESENTS,Symptom::D015746
17080,Disease::DOID:10652,PRESENTS,Symptom::D013064
17081,Disease::DOID:3953,PRESENTS,Symptom::D021501
17082,Disease::DOID:10608,PRESENTS,Symptom::D004415
17083,Disease::DOID:1909,PRESENTS,Symptom::D002832
17084,Disease::DOID:1459,PRESENTS,Symptom::D012891
17085,Disease::DOID:14004,PRESENTS,Symptom::D002637
17086,Disease::DOID:11934,PRESENTS,Symptom::D005483
17087,Disease::DOID:9835,PRESENTS,Symptom::D010468
17088,Disease::DOID:12365,PRESENTS,Symptom::D010167
17089,Disease::DOID:9008,PRESENTS,Symptom::D001416
17090,Disease::DOID:635,PRESENTS,Symptom::D005158
17091,Disease::DOID:1115,PRESENTS,Symptom::D020069
17092,Disease::DOID:11949,PRESENTS,Symptom::D010468
17093,Disease::DOID:3393,PRESENTS,Symptom::D002303
17094,Disease::DOID:1319,PRESENTS,Symptom::D012607
17095,Disease::DOID:184,PRESENTS,Symptom::D014098
17096,Disease::DOID:585,PRESENTS,Symptom::D001750
17097,Disease::DOID:2998,PRESENTS,Symptom::D034381
17098,Disease::DOID:4481,PRESENTS,Symptom::D014832
17099,Disease::DOID:1094,PRESENTS,Symptom::D007319
17100,Disease::DOID:3070,PRESENTS,Symptom::D011681
17101,Disease::DOID:5875,PRESENTS,Symptom::D005334
17102,Disease::DOID:216,PRESENTS,Symptom::D009058
17103,Disease::DOID:8398,PRESENTS,Symptom::D018908
17104,Disease::DOID:0060119,PRESENTS,Symptom::D055154
17105,Disease::DOID:9835,PRESENTS,Symptom::D009903
17106,Disease::DOID:3565,PRESENTS,Symptom::D002559
17107,Disease::DOID:2394,PRESENTS,Symptom::D003248
17108,Disease::DOID:0050742,PRESENTS,Symptom::D011595
17109,Disease::DOID:1324,PRESENTS,Symptom::D002524
17110,Disease::DOID:3070,PRESENTS,Symptom::D009461
17111,Disease::DOID:3565,PRESENTS,Symptom::D009461
17112,Disease::DOID:1936,PRESENTS,Symptom::D000789
17113,Disease::DOID:11934,PRESENTS,Symptom::D013575
17114,Disease::DOID:9074,PRESENTS,Symptom::D012877
17115,Disease::DOID:2994,PRESENTS,Symptom::D006314
17116,Disease::DOID:9970,PRESENTS,Symptom::D020181
17117,Disease::DOID:3571,PRESENTS,Symptom::D014839
17118,Disease::DOID:5041,PRESENTS,Symptom::D005221
17119,Disease::DOID:216,PRESENTS,Symptom::D005157
17120,Disease::DOID:2994,PRESENTS,Symptom::D058568
17121,Disease::DOID:2994,PRESENTS,Symptom::D009207
17122,Disease::DOID:1192,PRESENTS,Symptom::D019569
17123,Disease::DOID:0050742,PRESENTS,Symptom::D007319
17124,Disease::DOID:8778,PRESENTS,Symptom::D012877
17125,Disease::DOID:8398,PRESENTS,Symptom::D001416
17126,Disease::DOID:10976,PRESENTS,Symptom::D008998
17127,Disease::DOID:0050742,PRESENTS,Symptom::D059350
17128,Disease::DOID:184,PRESENTS,Symptom::D014103
17129,Disease::DOID:1793,PRESENTS,Symptom::D003967
17130,Disease::DOID:6364,PRESENTS,Symptom::D013009
17131,Disease::DOID:10534,PRESENTS,Symptom::D004415
17132,Disease::DOID:263,PRESENTS,Symptom::D017624
17133,Disease::DOID:1324,PRESENTS,Symptom::D000855
17134,Disease::DOID:2394,PRESENTS,Symptom::D009325
17135,Disease::DOID:10021,PRESENTS,Symptom::D007565
17136,Disease::DOID:2174,PRESENTS,Symptom::D006988
17137,Disease::DOID:12365,PRESENTS,Symptom::D005130
17138,Disease::DOID:90,PRESENTS,Symptom::D055111
17139,Disease::DOID:1612,PRESENTS,Symptom::D063806
17140,Disease::DOID:12849,PRESENTS,Symptom::D011595
17141,Disease::DOID:11934,PRESENTS,Symptom::D004244
17142,Disease::DOID:9352,PRESENTS,Symptom::D050177
17143,Disease::DOID:10941,PRESENTS,Symptom::D006261
17144,Disease::DOID:1826,PRESENTS,Symptom::D003244
17145,Disease::DOID:8893,PRESENTS,Symptom::D005483
17146,Disease::DOID:12930,PRESENTS,Symptom::D012891
17147,Disease::DOID:10283,PRESENTS,Symptom::D019584
17148,Disease::DOID:1595,PRESENTS,Symptom::D007319
17149,Disease::DOID:1324,PRESENTS,Symptom::D002637
17150,Disease::DOID:12849,PRESENTS,Symptom::D007926
17151,Disease::DOID:585,PRESENTS,Symptom::D021501
17152,Disease::DOID:8577,PRESENTS,Symptom::D004415
17153,Disease::DOID:1115,PRESENTS,Symptom::D012585
17154,Disease::DOID:11934,PRESENTS,Symptom::D019080
17155,Disease::DOID:1319,PRESENTS,Symptom::D011782
17156,Disease::DOID:3070,PRESENTS,Symptom::D019569
17157,Disease::DOID:6364,PRESENTS,Symptom::D065635
17158,Disease::DOID:184,PRESENTS,Symptom::D001766
17159,Disease::DOID:11054,PRESENTS,Symptom::D014550
17160,Disease::DOID:10941,PRESENTS,Symptom::D018908
17161,Disease::DOID:12849,PRESENTS,Symptom::D003147
17162,Disease::DOID:13241,PRESENTS,Symptom::D015354
17163,Disease::DOID:5612,PRESENTS,Symptom::D012021
17164,Disease::DOID:2994,PRESENTS,Symptom::D003490
17165,Disease::DOID:216,PRESENTS,Symptom::D008607
17166,Disease::DOID:332,PRESENTS,Symptom::D012891
17167,Disease::DOID:9970,PRESENTS,Symptom::D056128
17168,Disease::DOID:1909,PRESENTS,Symptom::D010291
17169,Disease::DOID:9352,PRESENTS,Symptom::D015431
17170,Disease::DOID:3310,PRESENTS,Symptom::D012135
17171,Disease::DOID:1612,PRESENTS,Symptom::D020069
17172,Disease::DOID:1324,PRESENTS,Symptom::D014840
17173,Disease::DOID:10283,PRESENTS,Symptom::D009325
17174,Disease::DOID:5612,PRESENTS,Symptom::D019547
17175,Disease::DOID:1319,PRESENTS,Symptom::D006985
17176,Disease::DOID:12236,PRESENTS,Symptom::D006942
17177,Disease::DOID:332,PRESENTS,Symptom::D006935
17178,Disease::DOID:8398,PRESENTS,Symptom::D004487
17179,Disease::DOID:11612,PRESENTS,Symptom::D009765
17180,Disease::DOID:4045,PRESENTS,Symptom::D018908
17181,Disease::DOID:2377,PRESENTS,Symptom::D051346
17182,Disease::DOID:9008,PRESENTS,Symptom::D004487
17183,Disease::DOID:418,PRESENTS,Symptom::D009133
17184,Disease::DOID:9074,PRESENTS,Symptom::D005334
17185,Disease::DOID:11934,PRESENTS,Symptom::D014840
17186,Disease::DOID:263,PRESENTS,Symptom::D011141
17187,Disease::DOID:1024,PRESENTS,Symptom::D020886
17188,Disease::DOID:13223,PRESENTS,Symptom::D059411
17189,Disease::DOID:7147,PRESENTS,Symptom::D011782
17190,Disease::DOID:1192,PRESENTS,Symptom::D009886
17191,Disease::DOID:1826,PRESENTS,Symptom::D007706
17192,Disease::DOID:824,PRESENTS,Symptom::D004487
17193,Disease::DOID:1319,PRESENTS,Symptom::D004411
17194,Disease::DOID:332,PRESENTS,Symptom::D010264
17195,Disease::DOID:11612,PRESENTS,Symptom::D004412
17196,Disease::DOID:4159,PRESENTS,Symptom::D008607
17197,Disease::DOID:1094,PRESENTS,Symptom::D006315
17198,Disease::DOID:11934,PRESENTS,Symptom::D002559
17199,Disease::DOID:3083,PRESENTS,Symptom::D006469
17200,Disease::DOID:9744,PRESENTS,Symptom::D011681
17201,Disease::DOID:332,PRESENTS,Symptom::D006816
17202,Disease::DOID:9074,PRESENTS,Symptom::D011696
17203,Disease::DOID:1324,PRESENTS,Symptom::D005334
17204,Disease::DOID:2596,PRESENTS,Symptom::D014826
17205,Disease::DOID:4606,PRESENTS,Symptom::D015746
17206,Disease::DOID:0060119,PRESENTS,Symptom::D006311
17207,Disease::DOID:4362,PRESENTS,Symptom::D004412
17208,Disease::DOID:1324,PRESENTS,Symptom::D000860
17209,Disease::DOID:13378,PRESENTS,Symptom::D011695
17210,Disease::DOID:1319,PRESENTS,Symptom::D014839
17211,Disease::DOID:13223,PRESENTS,Symptom::D017699
17212,Disease::DOID:1324,PRESENTS,Symptom::D014826
17213,Disease::DOID:3565,PRESENTS,Symptom::D010264
17214,Disease::DOID:1725,PRESENTS,Symptom::D005335
17215,Disease::DOID:3953,PRESENTS,Symptom::D005262
17216,Disease::DOID:585,PRESENTS,Symptom::D056844
17217,Disease::DOID:175,PRESENTS,Symptom::D018908
17218,Disease::DOID:4159,PRESENTS,Symptom::D010264
17219,Disease::DOID:986,PRESENTS,Symptom::D011602
17220,Disease::DOID:13241,PRESENTS,Symptom::D005334
17221,Disease::DOID:1909,PRESENTS,Symptom::D005130
17222,Disease::DOID:1826,PRESENTS,Symptom::D007625
17223,Disease::DOID:11054,PRESENTS,Symptom::D014839
17224,Disease::DOID:4989,PRESENTS,Symptom::D004438
17225,Disease::DOID:824,PRESENTS,Symptom::D006209
17226,Disease::DOID:3070,PRESENTS,Symptom::D018886
17227,Disease::DOID:7147,PRESENTS,Symptom::D059350
17228,Disease::DOID:6364,PRESENTS,Symptom::D010292
17229,Disease::DOID:3953,PRESENTS,Symptom::D009207
17230,Disease::DOID:10763,PRESENTS,Symptom::D019569
17231,Disease::DOID:14330,PRESENTS,Symptom::D002524
17232,Disease::DOID:11714,PRESENTS,Symptom::D005316
17233,Disease::DOID:8778,PRESENTS,Symptom::D004884
17234,Disease::DOID:2841,PRESENTS,Symptom::D004418
17235,Disease::DOID:2355,PRESENTS,Symptom::D009912
17236,Disease::DOID:3312,PRESENTS,Symptom::D008569
17237,Disease::DOID:12185,PRESENTS,Symptom::D002558
17238,Disease::DOID:4481,PRESENTS,Symptom::D006970
17239,Disease::DOID:1319,PRESENTS,Symptom::D006732
17240,Disease::DOID:2394,PRESENTS,Symptom::D005221
17241,Disease::DOID:2394,PRESENTS,Symptom::D002100
17242,Disease::DOID:11054,PRESENTS,Symptom::D004487
17243,Disease::DOID:14221,PRESENTS,Symptom::D053201
17244,Disease::DOID:7693,PRESENTS,Symptom::D005335
17245,Disease::DOID:3312,PRESENTS,Symptom::D011596
17246,Disease::DOID:11934,PRESENTS,Symptom::D006732
17247,Disease::DOID:1319,PRESENTS,Symptom::D015354
17248,Disease::DOID:2043,PRESENTS,Symptom::D001926
17249,Disease::DOID:1595,PRESENTS,Symptom::D017109
17250,Disease::DOID:824,PRESENTS,Symptom::D005157
17251,Disease::DOID:9296,PRESENTS,Symptom::D038901
17252,Disease::DOID:11949,PRESENTS,Symptom::D018886
17253,Disease::DOID:14330,PRESENTS,Symptom::D004409
17254,Disease::DOID:184,PRESENTS,Symptom::D013064
17255,Disease::DOID:1115,PRESENTS,Symptom::D003371
17256,Disease::DOID:13189,PRESENTS,Symptom::D001416
17257,Disease::DOID:14330,PRESENTS,Symptom::D007806
17258,Disease::DOID:184,PRESENTS,Symptom::D010148
17259,Disease::DOID:1936,PRESENTS,Symptom::D060050
17260,Disease::DOID:1319,PRESENTS,Symptom::D005183
17261,Disease::DOID:11819,PRESENTS,Symptom::D053584
17262,Disease::DOID:3277,PRESENTS,Symptom::D005207
17263,Disease::DOID:1024,PRESENTS,Symptom::D009461
17264,Disease::DOID:1826,PRESENTS,Symptom::D020270
17265,Disease::DOID:11555,PRESENTS,Symptom::D019591
17266,Disease::DOID:5041,PRESENTS,Symptom::D001037
17267,Disease::DOID:4362,PRESENTS,Symptom::D003967
17268,Disease::DOID:3312,PRESENTS,Symptom::D011602
17269,Disease::DOID:4362,PRESENTS,Symptom::D005334
17270,Disease::DOID:2043,PRESENTS,Symptom::D007565
17271,Disease::DOID:2043,PRESENTS,Symptom::D011507
17272,Disease::DOID:4159,PRESENTS,Symptom::D011696
17273,Disease::DOID:9296,PRESENTS,Symptom::D006209
17274,Disease::DOID:4362,PRESENTS,Symptom::D010146
17275,Disease::DOID:585,PRESENTS,Symptom::D011141
17276,Disease::DOID:3310,PRESENTS,Symptom::D012893
17277,Disease::DOID:7147,PRESENTS,Symptom::D009133
17278,Disease::DOID:332,PRESENTS,Symptom::D020240
17279,Disease::DOID:10652,PRESENTS,Symptom::D001041
17280,Disease::DOID:1192,PRESENTS,Symptom::D012021
17281,Disease::DOID:9352,PRESENTS,Symptom::D015430
17282,Disease::DOID:0060119,PRESENTS,Symptom::D014103
17283,Disease::DOID:9206,PRESENTS,Symptom::D004415
17284,Disease::DOID:2994,PRESENTS,Symptom::D009886
17285,Disease::DOID:1595,PRESENTS,Symptom::D006212
17286,Disease::DOID:263,PRESENTS,Symptom::D015160
17287,Disease::DOID:1909,PRESENTS,Symptom::D058447
17288,Disease::DOID:2994,PRESENTS,Symptom::D011141
17289,Disease::DOID:10534,PRESENTS,Symptom::D000006
17290,Disease::DOID:784,PRESENTS,Symptom::D016534
17291,Disease::DOID:1595,PRESENTS,Symptom::D011595
17292,Disease::DOID:10941,PRESENTS,Symptom::D065634
17293,Disease::DOID:3571,PRESENTS,Symptom::D001260
17294,Disease::DOID:90,PRESENTS,Symptom::D059350
17295,Disease::DOID:12361,PRESENTS,Symptom::D004487
17296,Disease::DOID:1192,PRESENTS,Symptom::D006987
17297,Disease::DOID:5419,PRESENTS,Symptom::D020238
17298,Disease::DOID:12361,PRESENTS,Symptom::D011696
17299,Disease::DOID:1319,PRESENTS,Symptom::D001049
17300,Disease::DOID:0060119,PRESENTS,Symptom::D005157
17301,Disease::DOID:7148,PRESENTS,Symptom::D016553
17302,Disease::DOID:11119,PRESENTS,Symptom::D013064
17303,Disease::DOID:2174,PRESENTS,Symptom::D052245
17304,Disease::DOID:1826,PRESENTS,Symptom::D002375
17305,Disease::DOID:2994,PRESENTS,Symptom::D017116
17306,Disease::DOID:9744,PRESENTS,Symptom::D007625
17307,Disease::DOID:1790,PRESENTS,Symptom::D017699
17308,Disease::DOID:5408,PRESENTS,Symptom::D010243
17309,Disease::DOID:784,PRESENTS,Symptom::D020189
17310,Disease::DOID:184,PRESENTS,Symptom::D017288
17311,Disease::DOID:9206,PRESENTS,Symptom::D006356
17312,Disease::DOID:1459,PRESENTS,Symptom::D007040
17313,Disease::DOID:1686,PRESENTS,Symptom::D014823
17314,Disease::DOID:3070,PRESENTS,Symptom::D057896
17315,Disease::DOID:11476,PRESENTS,Symptom::D013746
17316,Disease::DOID:1612,PRESENTS,Symptom::D000855
17317,Disease::DOID:363,PRESENTS,Symptom::D010148
17318,Disease::DOID:3070,PRESENTS,Symptom::D009886
17319,Disease::DOID:12995,PRESENTS,Symptom::D007859
17320,Disease::DOID:3312,PRESENTS,Symptom::D002524
17321,Disease::DOID:10941,PRESENTS,Symptom::D004411
17322,Disease::DOID:5612,PRESENTS,Symptom::D001416
17323,Disease::DOID:11934,PRESENTS,Symptom::D014103
17324,Disease::DOID:2355,PRESENTS,Symptom::D005334
17325,Disease::DOID:9296,PRESENTS,Symptom::D008607
17326,Disease::DOID:784,PRESENTS,Symptom::D015430
17327,Disease::DOID:1826,PRESENTS,Symptom::D012892
17328,Disease::DOID:2377,PRESENTS,Symptom::D006987
17329,Disease::DOID:1319,PRESENTS,Symptom::D011141
17330,Disease::DOID:10763,PRESENTS,Symptom::D056128
17331,Disease::DOID:1790,PRESENTS,Symptom::D004417
17332,Disease::DOID:824,PRESENTS,Symptom::D005884
17333,Disease::DOID:363,PRESENTS,Symptom::D017699
17334,Disease::DOID:2994,PRESENTS,Symptom::D010264
17335,Disease::DOID:4159,PRESENTS,Symptom::D009755
17336,Disease::DOID:1115,PRESENTS,Symptom::D019547
17337,Disease::DOID:10871,PRESENTS,Symptom::D052245
17338,Disease::DOID:1459,PRESENTS,Symptom::D004487
17339,Disease::DOID:824,PRESENTS,Symptom::D020078
17340,Disease::DOID:1826,PRESENTS,Symptom::D020324
17341,Disease::DOID:1595,PRESENTS,Symptom::D059445
17342,Disease::DOID:8850,PRESENTS,Symptom::D014313
17343,Disease::DOID:4989,PRESENTS,Symptom::D010146
17344,Disease::DOID:2994,PRESENTS,Symptom::D060486
17345,Disease::DOID:0050425,PRESENTS,Symptom::D020922
17346,Disease::DOID:7147,PRESENTS,Symptom::D020069
17347,Disease::DOID:2377,PRESENTS,Symptom::D004421
17348,Disease::DOID:1459,PRESENTS,Symptom::D013746
17349,Disease::DOID:4045,PRESENTS,Symptom::D014103
17350,Disease::DOID:2394,PRESENTS,Symptom::D005414
17351,Disease::DOID:14330,PRESENTS,Symptom::D059445
17352,Disease::DOID:3070,PRESENTS,Symptom::D020324
17353,Disease::DOID:1993,PRESENTS,Symptom::D001750
17354,Disease::DOID:0050156,PRESENTS,Symptom::D004417
17355,Disease::DOID:10153,PRESENTS,Symptom::D000006
17356,Disease::DOID:5559,PRESENTS,Symptom::D012133
17357,Disease::DOID:10941,PRESENTS,Symptom::D013575
17358,Disease::DOID:11934,PRESENTS,Symptom::D010149
17359,Disease::DOID:3121,PRESENTS,Symptom::D041781
17360,Disease::DOID:2377,PRESENTS,Symptom::D003248
17361,Disease::DOID:10652,PRESENTS,Symptom::D003221
17362,Disease::DOID:3393,PRESENTS,Symptom::D000789
17363,Disease::DOID:14004,PRESENTS,Symptom::D010243
17364,Disease::DOID:5419,PRESENTS,Symptom::D059445
17365,Disease::DOID:10534,PRESENTS,Symptom::D001247
17366,Disease::DOID:11934,PRESENTS,Symptom::D014839
17367,Disease::DOID:1781,PRESENTS,Symptom::D001260
17368,Disease::DOID:14221,PRESENTS,Symptom::D015431
17369,Disease::DOID:10941,PRESENTS,Symptom::D006429
17370,Disease::DOID:3070,PRESENTS,Symptom::D001039
17371,Disease::DOID:2377,PRESENTS,Symptom::D010468
17372,Disease::DOID:2377,PRESENTS,Symptom::D006429
17373,Disease::DOID:175,PRESENTS,Symptom::D005334
17374,Disease::DOID:1993,PRESENTS,Symptom::D010148
17375,Disease::DOID:3312,PRESENTS,Symptom::D000326
17376,Disease::DOID:14330,PRESENTS,Symptom::D013064
17377,Disease::DOID:12361,PRESENTS,Symptom::D013746
17378,Disease::DOID:1094,PRESENTS,Symptom::D011596
17379,Disease::DOID:14221,PRESENTS,Symptom::D020181
17380,Disease::DOID:6364,PRESENTS,Symptom::D001259
17381,Disease::DOID:11615,PRESENTS,Symptom::D019080
17382,Disease::DOID:3277,PRESENTS,Symptom::D004417
17383,Disease::DOID:3070,PRESENTS,Symptom::D009207
17384,Disease::DOID:1612,PRESENTS,Symptom::D001260
17385,Disease::DOID:3565,PRESENTS,Symptom::D012021
17386,Disease::DOID:332,PRESENTS,Symptom::D001184
17387,Disease::DOID:3312,PRESENTS,Symptom::D001247
17388,Disease::DOID:216,PRESENTS,Symptom::D012415
17389,Disease::DOID:332,PRESENTS,Symptom::D009886
17390,Disease::DOID:4159,PRESENTS,Symptom::D010146
17391,Disease::DOID:219,PRESENTS,Symptom::D010149
17392,Disease::DOID:3070,PRESENTS,Symptom::D015354
17393,Disease::DOID:3070,PRESENTS,Symptom::D014839
17394,Disease::DOID:12849,PRESENTS,Symptom::D009903
17395,Disease::DOID:12365,PRESENTS,Symptom::D014474
17396,Disease::DOID:1115,PRESENTS,Symptom::D017116
17397,Disease::DOID:7693,PRESENTS,Symptom::D010264
17398,Disease::DOID:3393,PRESENTS,Symptom::D006337
17399,Disease::DOID:2994,PRESENTS,Symptom::D006939
17400,Disease::DOID:10021,PRESENTS,Symptom::D019080
17401,Disease::DOID:10871,PRESENTS,Symptom::D014786
17402,Disease::DOID:1319,PRESENTS,Symptom::D009461
17403,Disease::DOID:1826,PRESENTS,Symptom::D012640
17404,Disease::DOID:1936,PRESENTS,Symptom::D007383
17405,Disease::DOID:10652,PRESENTS,Symptom::D010468
17406,Disease::DOID:9835,PRESENTS,Symptom::D004314
17407,Disease::DOID:10652,PRESENTS,Symptom::D062706
17408,Disease::DOID:1686,PRESENTS,Symptom::D015354
17409,Disease::DOID:3312,PRESENTS,Symptom::D003221
17410,Disease::DOID:6364,PRESENTS,Symptom::D000857
17411,Disease::DOID:2174,PRESENTS,Symptom::D005157
17412,Disease::DOID:11934,PRESENTS,Symptom::D014313
17413,Disease::DOID:3565,PRESENTS,Symptom::D003639
17414,Disease::DOID:2355,PRESENTS,Symptom::D012877
17415,Disease::DOID:1192,PRESENTS,Symptom::D017116
17416,Disease::DOID:2355,PRESENTS,Symptom::D007625
17417,Disease::DOID:10763,PRESENTS,Symptom::D002303
17418,Disease::DOID:184,PRESENTS,Symptom::D017116
17419,Disease::DOID:784,PRESENTS,Symptom::D012891
17420,Disease::DOID:1725,PRESENTS,Symptom::D003248
17421,Disease::DOID:10283,PRESENTS,Symptom::D014550
17422,Disease::DOID:3565,PRESENTS,Symptom::D009886
17423,Disease::DOID:11612,PRESENTS,Symptom::D006628
17424,Disease::DOID:418,PRESENTS,Symptom::D014313
17425,Disease::DOID:1319,PRESENTS,Symptom::D006987
17426,Disease::DOID:9835,PRESENTS,Symptom::D015875
17427,Disease::DOID:2994,PRESENTS,Symptom::D006423
17428,Disease::DOID:784,PRESENTS,Symptom::D000855
17429,Disease::DOID:8778,PRESENTS,Symptom::D010146
17430,Disease::DOID:10021,PRESENTS,Symptom::D009325
17431,Disease::DOID:8778,PRESENTS,Symptom::D003085
17432,Disease::DOID:10652,PRESENTS,Symptom::D004411
17433,Disease::DOID:363,PRESENTS,Symptom::D004487
17434,Disease::DOID:10534,PRESENTS,Symptom::D006396
17435,Disease::DOID:1595,PRESENTS,Symptom::D005221
17436,Disease::DOID:1319,PRESENTS,Symptom::D014786
17437,Disease::DOID:3571,PRESENTS,Symptom::D005334
17438,Disease::DOID:14330,PRESENTS,Symptom::D017827
17439,Disease::DOID:2355,PRESENTS,Symptom::D005132
17440,Disease::DOID:8577,PRESENTS,Symptom::D016553
17441,Disease::DOID:9970,PRESENTS,Symptom::D001835
17442,Disease::DOID:11949,PRESENTS,Symptom::D000377
17443,Disease::DOID:10608,PRESENTS,Symptom::D003967
17444,Disease::DOID:12930,PRESENTS,Symptom::D001835
17445,Disease::DOID:11476,PRESENTS,Symptom::D004614
17446,Disease::DOID:9835,PRESENTS,Symptom::D015877
17447,Disease::DOID:1024,PRESENTS,Symptom::D006987
17448,Disease::DOID:3312,PRESENTS,Symptom::D003117
17449,Disease::DOID:1115,PRESENTS,Symptom::D009133
17450,Disease::DOID:11054,PRESENTS,Symptom::D011507
17451,Disease::DOID:0050741,PRESENTS,Symptom::D008607
17452,Disease::DOID:5419,PRESENTS,Symptom::D001308
17453,Disease::DOID:2377,PRESENTS,Symptom::D000381
17454,Disease::DOID:1115,PRESENTS,Symptom::D000860
17455,Disease::DOID:8577,PRESENTS,Symptom::D015746
17456,Disease::DOID:9970,PRESENTS,Symptom::D056865
17457,Disease::DOID:11555,PRESENTS,Symptom::D011681
17458,Disease::DOID:363,PRESENTS,Symptom::D015746
17459,Disease::DOID:1319,PRESENTS,Symptom::D006316
17460,Disease::DOID:5419,PRESENTS,Symptom::D008607
17461,Disease::DOID:9074,PRESENTS,Symptom::D011695
17462,Disease::DOID:12236,PRESENTS,Symptom::D011537
17463,Disease::DOID:10763,PRESENTS,Symptom::D057774
17464,Disease::DOID:1192,PRESENTS,Symptom::D003638
17465,Disease::DOID:4989,PRESENTS,Symptom::D010148
17466,Disease::DOID:14330,PRESENTS,Symptom::D020187
17467,Compound::DB00997,TREATS,Disease::DOID:363
17468,Compound::DB00206,TREATS,Disease::DOID:10763
17469,Compound::DB00960,TREATS,Disease::DOID:10763
17470,Compound::DB00665,TREATS,Disease::DOID:10283
17471,Compound::DB00290,TREATS,Disease::DOID:2998
17472,Compound::DB01232,TREATS,Disease::DOID:635
17473,Compound::DB00555,TREATS,Disease::DOID:1826
17474,Compound::DB00444,TREATS,Disease::DOID:2531
17475,Compound::DB00860,TREATS,Disease::DOID:4481
17476,Compound::DB00635,TREATS,Disease::DOID:2531
17477,Compound::DB00985,TREATS,Disease::DOID:4481
17478,Compound::DB00808,TREATS,Disease::DOID:10763
17479,Compound::DB01244,TREATS,Disease::DOID:10763
17480,Compound::DB00888,TREATS,Disease::DOID:2531
17481,Compound::DB00591,TREATS,Disease::DOID:3310
17482,Compound::DB00530,TREATS,Disease::DOID:1324
17483,Compound::DB00191,TREATS,Disease::DOID:9970
17484,Compound::DB00620,TREATS,Disease::DOID:8577
17485,Compound::DB00853,TREATS,Disease::DOID:3070
17486,Compound::DB00654,TREATS,Disease::DOID:1686
17487,Compound::DB00783,TREATS,Disease::DOID:10283
17488,Compound::DB08881,TREATS,Disease::DOID:4159
17489,Compound::DB00563,TREATS,Disease::DOID:9074
17490,Compound::DB00741,TREATS,Disease::DOID:4481
17491,Compound::DB00773,TREATS,Disease::DOID:1192
17492,Compound::DB00993,TREATS,Disease::DOID:418
17493,Compound::DB01275,TREATS,Disease::DOID:10763
17494,Compound::DB01101,TREATS,Disease::DOID:10534
17495,Compound::DB00401,TREATS,Disease::DOID:10763
17496,Compound::DB00563,TREATS,Disease::DOID:1324
17497,Compound::DB00222,TREATS,Disease::DOID:9352
17498,Compound::DB00290,TREATS,Disease::DOID:1909
17499,Compound::DB01280,TREATS,Disease::DOID:2531
17500,Compound::DB00455,TREATS,Disease::DOID:3310
17501,Compound::DB00860,TREATS,Disease::DOID:3083
17502,Compound::DB00244,TREATS,Disease::DOID:8577
17503,Compound::DB00250,TREATS,Disease::DOID:12365
17504,Compound::DB01023,TREATS,Disease::DOID:10763
17505,Compound::DB01047,TREATS,Disease::DOID:3310
17506,Compound::DB00635,TREATS,Disease::DOID:2841
17507,Compound::DB00541,TREATS,Disease::DOID:2531
17508,Compound::DB00443,TREATS,Disease::DOID:2531
17509,Compound::DB01234,TREATS,Disease::DOID:9008
17510,Compound::DB00688,TREATS,Disease::DOID:418
17511,Compound::DB00491,TREATS,Disease::DOID:9352
17512,Compound::DB00570,TREATS,Disease::DOID:2998
17513,Compound::DB00441,TREATS,Disease::DOID:1793
17514,Compound::DB00661,TREATS,Disease::DOID:6364
17515,Compound::DB00205,TREATS,Disease::DOID:12365
17516,Compound::DB00959,TREATS,Disease::DOID:7147
17517,Compound::DB00544,TREATS,Disease::DOID:10534
17518,Compound::DB01068,TREATS,Disease::DOID:1826
17519,Compound::DB01101,TREATS,Disease::DOID:263
17520,Compound::DB00488,TREATS,Disease::DOID:2394
17521,Compound::DB00970,TREATS,Disease::DOID:263
17522,Compound::DB00177,TREATS,Disease::DOID:3393
17523,Compound::DB00997,TREATS,Disease::DOID:184
17524,Compound::DB00215,TREATS,Disease::DOID:0050741
17525,Compound::DB01394,TREATS,Disease::DOID:13189
17526,Compound::DB01320,TREATS,Disease::DOID:1826
17527,Compound::DB01181,TREATS,Disease::DOID:2531
17528,Compound::DB01057,TREATS,Disease::DOID:1686
17529,Compound::DB00338,TREATS,Disease::DOID:9206
17530,Compound::DB00993,TREATS,Disease::DOID:8577
17531,Compound::DB00501,TREATS,Disease::DOID:9970
17532,Compound::DB00563,TREATS,Disease::DOID:2377
17533,Compound::DB00860,TREATS,Disease::DOID:2531
17534,Compound::DB00795,TREATS,Disease::DOID:8577
17535,Compound::DB01075,TREATS,Disease::DOID:4481
17536,Compound::DB00261,TREATS,Disease::DOID:2531
17537,Compound::DB00091,TREATS,Disease::DOID:9074
17538,Compound::DB00763,TREATS,Disease::DOID:12361
17539,Compound::DB01098,TREATS,Disease::DOID:3393
17540,Compound::DB01197,TREATS,Disease::DOID:418
17541,Compound::DB00970,TREATS,Disease::DOID:4045
17542,Compound::DB00399,TREATS,Disease::DOID:11476
17543,Compound::DB01029,TREATS,Disease::DOID:10763
17544,Compound::DB00631,TREATS,Disease::DOID:2531
17545,Compound::DB00521,TREATS,Disease::DOID:1686
17546,Compound::DB01170,TREATS,Disease::DOID:10763
17547,Compound::DB00291,TREATS,Disease::DOID:1612
17548,Compound::DB00642,TREATS,Disease::DOID:1324
17549,Compound::DB00641,TREATS,Disease::DOID:3393
17550,Compound::DB00178,TREATS,Disease::DOID:9744
17551,Compound::DB00169,TREATS,Disease::DOID:11476
17552,Compound::DB01204,TREATS,Disease::DOID:1612
17553,Compound::DB01045,TREATS,Disease::DOID:1024
17554,Compound::DB01101,TREATS,Disease::DOID:1612
17555,Compound::DB00544,TREATS,Disease::DOID:219
17556,Compound::DB00635,TREATS,Disease::DOID:10283
17557,Compound::DB00563,TREATS,Disease::DOID:1612
17558,Compound::DB01204,TREATS,Disease::DOID:2377
17559,Compound::DB01202,TREATS,Disease::DOID:1826
17560,Compound::DB08877,TREATS,Disease::DOID:2531
17561,Compound::DB01120,TREATS,Disease::DOID:9352
17562,Compound::DB00523,TREATS,Disease::DOID:1192
17563,Compound::DB00851,TREATS,Disease::DOID:1909
17564,Compound::DB00270,TREATS,Disease::DOID:10763
17565,Compound::DB00226,TREATS,Disease::DOID:10763
17566,Compound::DB08828,TREATS,Disease::DOID:4159
17567,Compound::DB00982,TREATS,Disease::DOID:1192
17568,Compound::DB00937,TREATS,Disease::DOID:9970
17569,Compound::DB01177,TREATS,Disease::DOID:1612
17570,Compound::DB00492,TREATS,Disease::DOID:10763
17571,Compound::DB00635,TREATS,Disease::DOID:3310
17572,Compound::DB00688,TREATS,Disease::DOID:8893
17573,Compound::DB00651,TREATS,Disease::DOID:2841
17574,Compound::DB00305,TREATS,Disease::DOID:11054
17575,Compound::DB00762,TREATS,Disease::DOID:1793
17576,Compound::DB00515,TREATS,Disease::DOID:2994
17577,Compound::DB01177,TREATS,Disease::DOID:2531
17578,Compound::DB00973,TREATS,Disease::DOID:1936
17579,Compound::DB01410,TREATS,Disease::DOID:2841
17580,Compound::DB00224,TREATS,Disease::DOID:635
17581,Compound::DB00864,TREATS,Disease::DOID:3310
17582,Compound::DB00860,TREATS,Disease::DOID:2841
17583,Compound::DB00775,TREATS,Disease::DOID:3393
17584,Compound::DB00352,TREATS,Disease::DOID:2531
17585,Compound::DB08881,TREATS,Disease::DOID:1909
17586,Compound::DB00445,TREATS,Disease::DOID:10534
17587,Compound::DB00563,TREATS,Disease::DOID:10534
17588,Compound::DB00762,TREATS,Disease::DOID:1324
17589,Compound::DB00570,TREATS,Disease::DOID:2531
17590,Compound::DB08868,TREATS,Disease::DOID:2377
17591,Compound::DB00997,TREATS,Disease::DOID:1324
17592,Compound::DB00876,TREATS,Disease::DOID:10763
17593,Compound::DB00445,TREATS,Disease::DOID:1793
17594,Compound::DB01583,TREATS,Disease::DOID:1459
17595,Compound::DB00441,TREATS,Disease::DOID:2531
17596,Compound::DB00250,TREATS,Disease::DOID:9074
17597,Compound::DB01204,TREATS,Disease::DOID:1115
17598,Compound::DB08816,TREATS,Disease::DOID:3393
17599,Compound::DB00398,TREATS,Disease::DOID:1781
17600,Compound::DB00741,TREATS,Disease::DOID:7148
17601,Compound::DB00764,TREATS,Disease::DOID:3310
17602,Compound::DB00178,TREATS,Disease::DOID:10763
17603,Compound::DB00441,TREATS,Disease::DOID:1612
17604,Compound::DB01248,TREATS,Disease::DOID:1909
17605,Compound::DB00964,TREATS,Disease::DOID:1686
17606,Compound::DB00553,TREATS,Disease::DOID:8893
17607,Compound::DB01260,TREATS,Disease::DOID:3310
17608,Compound::DB00997,TREATS,Disease::DOID:2531
17609,Compound::DB00541,TREATS,Disease::DOID:1115
17610,Compound::DB00279,TREATS,Disease::DOID:1459
17611,Compound::DB00649,TREATS,Disease::DOID:635
17612,Compound::DB00630,TREATS,Disease::DOID:5408
17613,Compound::DB00290,TREATS,Disease::DOID:2994
17614,Compound::DB00958,TREATS,Disease::DOID:1612
17615,Compound::DB01273,TREATS,Disease::DOID:0050742
17616,Compound::DB01005,TREATS,Disease::DOID:11934
17617,Compound::DB00328,TREATS,Disease::DOID:13189
17618,Compound::DB08871,TREATS,Disease::DOID:1612
17619,Compound::DB00331,TREATS,Disease::DOID:9352
17620,Compound::DB00691,TREATS,Disease::DOID:10763
17621,Compound::DB00286,TREATS,Disease::DOID:11476
17622,Compound::DB00242,TREATS,Disease::DOID:2531
17623,Compound::DB00884,TREATS,Disease::DOID:11476
17624,Compound::DB00169,TREATS,Disease::DOID:8577
17625,Compound::DB00773,TREATS,Disease::DOID:1319
17626,Compound::DB04572,TREATS,Disease::DOID:1612
17627,Compound::DB00620,TREATS,Disease::DOID:7147
17628,Compound::DB00755,TREATS,Disease::DOID:1192
17629,Compound::DB00331,TREATS,Disease::DOID:11612
17630,Compound::DB00997,TREATS,Disease::DOID:263
17631,Compound::DB01077,TREATS,Disease::DOID:5408
17632,Compound::DB01274,TREATS,Disease::DOID:2841
17633,Compound::DB01008,TREATS,Disease::DOID:2531
17634,Compound::DB00385,TREATS,Disease::DOID:11054
17635,Compound::DB00741,TREATS,Disease::DOID:2841
17636,Compound::DB00620,TREATS,Disease::DOID:3310
17637,Compound::DB00773,TREATS,Disease::DOID:2998
17638,Compound::DB00869,TREATS,Disease::DOID:1686
17639,Compound::DB00195,TREATS,Disease::DOID:1686
17640,Compound::DB00441,TREATS,Disease::DOID:1324
17641,Compound::DB00091,TREATS,Disease::DOID:8893
17642,Compound::DB00445,TREATS,Disease::DOID:3571
17643,Compound::DB00819,TREATS,Disease::DOID:1686
17644,Compound::DB00970,TREATS,Disease::DOID:2174
17645,Compound::DB00905,TREATS,Disease::DOID:1686
17646,Compound::DB00880,TREATS,Disease::DOID:10763
17647,Compound::DB00695,TREATS,Disease::DOID:12930
17648,Compound::DB08860,TREATS,Disease::DOID:3393
17649,Compound::DB00515,TREATS,Disease::DOID:1324
17650,Compound::DB00900,TREATS,Disease::DOID:635
17651,Compound::DB00563,TREATS,Disease::DOID:8893
17652,Compound::DB00773,TREATS,Disease::DOID:4045
17653,Compound::DB00635,TREATS,Disease::DOID:418
17654,Compound::DB00678,TREATS,Disease::DOID:10763
17655,Compound::DB00851,TREATS,Disease::DOID:1793
17656,Compound::DB00445,TREATS,Disease::DOID:10283
17657,Compound::DB00678,TREATS,Disease::DOID:3393
17658,Compound::DB00394,TREATS,Disease::DOID:8893
17659,Compound::DB00989,TREATS,Disease::DOID:10652
17660,Compound::DB00290,TREATS,Disease::DOID:4159
17661,Compound::DB00550,TREATS,Disease::DOID:12361
17662,Compound::DB00762,TREATS,Disease::DOID:2531
17663,Compound::DB00655,TREATS,Disease::DOID:10283
17664,Compound::DB00541,TREATS,Disease::DOID:263
17665,Compound::DB00736,TREATS,Disease::DOID:9206
17666,Compound::DB00970,TREATS,Disease::DOID:1115
17667,Compound::DB00341,TREATS,Disease::DOID:4481
17668,Compound::DB01197,TREATS,Disease::DOID:10763
17669,Compound::DB01042,TREATS,Disease::DOID:2531
17670,Compound::DB01261,TREATS,Disease::DOID:9352
17671,Compound::DB00195,TREATS,Disease::DOID:10763
17672,Compound::DB00959,TREATS,Disease::DOID:7148
17673,Compound::DB01014,TREATS,Disease::DOID:8778
17674,Compound::DB00262,TREATS,Disease::DOID:3070
17675,Compound::DB00396,TREATS,Disease::DOID:363
17676,Compound::DB00773,TREATS,Disease::DOID:1324
17677,Compound::DB00361,TREATS,Disease::DOID:2531
17678,Compound::DB00762,TREATS,Disease::DOID:10534
17679,Compound::DB00741,TREATS,Disease::DOID:3310
17680,Compound::DB01005,TREATS,Disease::DOID:2531
17681,Compound::DB00710,TREATS,Disease::DOID:11476
17682,Compound::DB00331,TREATS,Disease::DOID:14221
17683,Compound::DB00421,TREATS,Disease::DOID:10763
17684,Compound::DB00851,TREATS,Disease::DOID:2531
17685,Compound::DB00718,TREATS,Disease::DOID:2043
17686,Compound::DB00966,TREATS,Disease::DOID:3393
17687,Compound::DB01131,TREATS,Disease::DOID:12365
17688,Compound::DB00227,TREATS,Disease::DOID:1936
17689,Compound::DB00273,TREATS,Disease::DOID:1826
17690,Compound::DB00322,TREATS,Disease::DOID:10534
17691,Compound::DB00851,TREATS,Disease::DOID:4045
17692,Compound::DB00177,TREATS,Disease::DOID:10763
17693,Compound::DB00958,TREATS,Disease::DOID:363
17694,Compound::DB00959,TREATS,Disease::DOID:9008
17695,Compound::DB00773,TREATS,Disease::DOID:2531
17696,Compound::DB00262,TREATS,Disease::DOID:1319
17697,Compound::DB00839,TREATS,Disease::DOID:9352
17698,Compound::DB04572,TREATS,Disease::DOID:1115
17699,Compound::DB00394,TREATS,Disease::DOID:2841
17700,Compound::DB01274,TREATS,Disease::DOID:3083
17701,Compound::DB00958,TREATS,Disease::DOID:2174
17702,Compound::DB01124,TREATS,Disease::DOID:9352
17703,Compound::DB00262,TREATS,Disease::DOID:0060073
17704,Compound::DB00949,TREATS,Disease::DOID:1826
17705,Compound::DB00515,TREATS,Disease::DOID:2998
17706,Compound::DB00591,TREATS,Disease::DOID:8893
17707,Compound::DB00997,TREATS,Disease::DOID:10534
17708,Compound::DB00313,TREATS,Disease::DOID:1826
17709,Compound::DB00672,TREATS,Disease::DOID:9352
17710,Compound::DB01234,TREATS,Disease::DOID:9074
17711,Compound::DB00178,TREATS,Disease::DOID:9352
17712,Compound::DB01248,TREATS,Disease::DOID:4159
17713,Compound::DB00445,TREATS,Disease::DOID:1781
17714,Compound::DB00373,TREATS,Disease::DOID:6364
17715,Compound::DB01234,TREATS,Disease::DOID:7147
17716,Compound::DB01590,TREATS,Disease::DOID:263
17717,Compound::DB00620,TREATS,Disease::DOID:9074
17718,Compound::DB00471,TREATS,Disease::DOID:2841
17719,Compound::DB00773,TREATS,Disease::DOID:10283
17720,Compound::DB01013,TREATS,Disease::DOID:8893
17721,Compound::DB01064,TREATS,Disease::DOID:2841
17722,Compound::DB01162,TREATS,Disease::DOID:10763
17723,Compound::DB00977,TREATS,Disease::DOID:10283
17724,Compound::DB00688,TREATS,Disease::DOID:9074
17725,Compound::DB00882,TREATS,Disease::DOID:14227
17726,Compound::DB01229,TREATS,Disease::DOID:1324
17727,Compound::DB00716,TREATS,Disease::DOID:2841
17728,Compound::DB00773,TREATS,Disease::DOID:1115
17729,Compound::DB01041,TREATS,Disease::DOID:2531
17730,Compound::DB00675,TREATS,Disease::DOID:1793
17731,Compound::DB01200,TREATS,Disease::DOID:9352
17732,Compound::DB00484,TREATS,Disease::DOID:1686
17733,Compound::DB01132,TREATS,Disease::DOID:9352
17734,Compound::DB08865,TREATS,Disease::DOID:1324
17735,Compound::DB00659,TREATS,Disease::DOID:0050741
17736,Compound::DB00277,TREATS,Disease::DOID:2841
17737,Compound::DB00620,TREATS,Disease::DOID:7148
17738,Compound::DB01005,TREATS,Disease::DOID:1319
17739,Compound::DB01168,TREATS,Disease::DOID:2531
17740,Compound::DB00553,TREATS,Disease::DOID:2531
17741,Compound::DB00958,TREATS,Disease::DOID:5041
17742,Compound::DB00441,TREATS,Disease::DOID:11054
17743,Compound::DB00443,TREATS,Disease::DOID:7147
17744,Compound::DB01075,TREATS,Disease::DOID:3310
17745,Compound::DB01586,TREATS,Disease::DOID:12236
17746,Compound::DB00995,TREATS,Disease::DOID:9008
17747,Compound::DB01115,TREATS,Disease::DOID:10763
17748,Compound::DB00620,TREATS,Disease::DOID:2531
17749,Compound::DB00286,TREATS,Disease::DOID:10283
17750,Compound::DB01203,TREATS,Disease::DOID:10763
17751,Compound::DB00959,TREATS,Disease::DOID:3310
17752,Compound::DB00762,TREATS,Disease::DOID:219
17753,Compound::DB01259,TREATS,Disease::DOID:1612
17754,Compound::DB01409,TREATS,Disease::DOID:2841
17755,Compound::DB01222,TREATS,Disease::DOID:2841
17756,Compound::DB05812,TREATS,Disease::DOID:10283
17757,Compound::DB00701,TREATS,Disease::DOID:635
17758,Compound::DB00709,TREATS,Disease::DOID:2043
17759,Compound::DB00570,TREATS,Disease::DOID:11934
17760,Compound::DB01656,TREATS,Disease::DOID:3083
17761,Compound::DB00985,TREATS,Disease::DOID:3310
17762,Compound::DB01409,TREATS,Disease::DOID:3083
17763,Compound::DB00177,TREATS,Disease::DOID:9352
17764,Compound::DB00563,TREATS,Disease::DOID:4045
17765,Compound::DB06777,TREATS,Disease::DOID:12236
17766,Compound::DB00622,TREATS,Disease::DOID:10763
17767,Compound::DB01136,TREATS,Disease::DOID:10763
17768,Compound::DB00997,TREATS,Disease::DOID:1192
17769,Compound::DB00997,TREATS,Disease::DOID:1793
17770,Compound::DB00244,TREATS,Disease::DOID:8778
17771,Compound::DB00970,TREATS,Disease::DOID:1909
17772,Compound::DB00563,TREATS,Disease::DOID:2531
17773,Compound::DB00764,TREATS,Disease::DOID:2841
17774,Compound::DB01029,TREATS,Disease::DOID:9352
17775,Compound::DB01003,TREATS,Disease::DOID:2841
17776,Compound::DB00398,TREATS,Disease::DOID:263
17777,Compound::DB00800,TREATS,Disease::DOID:10763
17778,Compound::DB00620,TREATS,Disease::DOID:4481
17779,Compound::DB00563,TREATS,Disease::DOID:2998
17780,Compound::DB00629,TREATS,Disease::DOID:10763
17781,Compound::DB00441,TREATS,Disease::DOID:263
17782,Compound::DB00774,TREATS,Disease::DOID:10763
17783,Compound::DB00782,TREATS,Disease::DOID:4989
17784,Compound::DB00571,TREATS,Disease::DOID:6364
17785,Compound::DB00630,TREATS,Disease::DOID:11476
17786,Compound::DB01024,TREATS,Disease::DOID:418
17787,Compound::DB01248,TREATS,Disease::DOID:1612
17788,Compound::DB00987,TREATS,Disease::DOID:2531
17789,Compound::DB00938,TREATS,Disease::DOID:2841
17790,Compound::DB01204,TREATS,Disease::DOID:2531
17791,Compound::DB00999,TREATS,Disease::DOID:10763
17792,Compound::DB00620,TREATS,Disease::DOID:8893
17793,Compound::DB00958,TREATS,Disease::DOID:2394
17794,Compound::DB00480,TREATS,Disease::DOID:2531
17795,Compound::DB01204,TREATS,Disease::DOID:10283
17796,Compound::DB00443,TREATS,Disease::DOID:9008
17797,Compound::DB00627,TREATS,Disease::DOID:3393
17798,Compound::DB00563,TREATS,Disease::DOID:9008
17799,Compound::DB00359,TREATS,Disease::DOID:12365
17800,Compound::DB00700,TREATS,Disease::DOID:3393
17801,Compound::DB01248,TREATS,Disease::DOID:1324
17802,Compound::DB00305,TREATS,Disease::DOID:10534
17803,Compound::DB01006,TREATS,Disease::DOID:1612
17804,Compound::DB00958,TREATS,Disease::DOID:2998
17805,Compound::DB00997,TREATS,Disease::DOID:1115
17806,Compound::DB00947,TREATS,Disease::DOID:1612
17807,Compound::DB01181,TREATS,Disease::DOID:2994
17808,Compound::DB00563,TREATS,Disease::DOID:418
17809,Compound::DB00635,TREATS,Disease::DOID:3083
17810,Compound::DB00544,TREATS,Disease::DOID:1793
17811,Compound::DB00997,TREATS,Disease::DOID:1781
17812,Compound::DB00983,TREATS,Disease::DOID:2841
17813,Compound::DB00187,TREATS,Disease::DOID:10763
17814,Compound::DB00421,TREATS,Disease::DOID:12930
17815,Compound::DB00958,TREATS,Disease::DOID:11054
17816,Compound::DB00443,TREATS,Disease::DOID:4481
17817,Compound::DB00977,TREATS,Disease::DOID:11476
17818,Compound::DB00851,TREATS,Disease::DOID:1192
17819,Compound::DB00169,TREATS,Disease::DOID:8893
17820,Compound::DB00959,TREATS,Disease::DOID:2841
17821,Compound::DB00776,TREATS,Disease::DOID:1826
17822,Compound::DB00126,TREATS,Disease::DOID:10283
17823,Compound::DB00795,TREATS,Disease::DOID:8778
17824,Compound::DB00544,TREATS,Disease::DOID:11054
17825,Compound::DB00443,TREATS,Disease::DOID:8893
17826,Compound::DB00180,TREATS,Disease::DOID:2841
17827,Compound::DB00291,TREATS,Disease::DOID:2394
17828,Compound::DB00563,TREATS,Disease::DOID:7147
17829,Compound::DB00258,TREATS,Disease::DOID:11476
17830,Compound::DB01196,TREATS,Disease::DOID:10283
17831,Compound::DB00313,TREATS,Disease::DOID:6364
17832,Compound::DB00153,TREATS,Disease::DOID:7148
17833,Compound::DB00444,TREATS,Disease::DOID:0060073
17834,Compound::DB02300,TREATS,Disease::DOID:8893
17835,Compound::DB00970,TREATS,Disease::DOID:363
17836,Compound::DB00264,TREATS,Disease::DOID:10763
17837,Compound::DB06287,TREATS,Disease::DOID:263
17838,Compound::DB01181,TREATS,Disease::DOID:2998
17839,Compound::DB00552,TREATS,Disease::DOID:2531
17840,Compound::DB01185,TREATS,Disease::DOID:1612
17841,Compound::DB00973,TREATS,Disease::DOID:3393
17842,Compound::DB00290,TREATS,Disease::DOID:0060073
17843,Compound::DB00799,TREATS,Disease::DOID:8893
17844,Compound::DB00563,TREATS,Disease::DOID:0060073
17845,Compound::DB00722,TREATS,Disease::DOID:12930
17846,Compound::DB01001,TREATS,Disease::DOID:2841
17847,Compound::DB00515,TREATS,Disease::DOID:1192
17848,Compound::DB00014,TREATS,Disease::DOID:10283
17849,Compound::DB00539,TREATS,Disease::DOID:1612
17850,Compound::DB00773,TREATS,Disease::DOID:2994
17851,Compound::DB01268,TREATS,Disease::DOID:1793
17852,Compound::DB00436,TREATS,Disease::DOID:10763
17853,Compound::DB01156,TREATS,Disease::DOID:9970
17854,Compound::DB00909,TREATS,Disease::DOID:1826
17855,Compound::DB00958,TREATS,Disease::DOID:1319
17856,Compound::DB00275,TREATS,Disease::DOID:3393
17857,Compound::DB01234,TREATS,Disease::DOID:2841
17858,Compound::DB00445,TREATS,Disease::DOID:1115
17859,Compound::DB00091,TREATS,Disease::DOID:1312
17860,Compound::DB01229,TREATS,Disease::DOID:263
17861,Compound::DB00575,TREATS,Disease::DOID:10763
17862,Compound::DB02546,TREATS,Disease::DOID:2531
17863,Compound::DB00449,TREATS,Disease::DOID:1686
17864,Compound::DB00291,TREATS,Disease::DOID:2531
17865,Compound::DB00544,TREATS,Disease::DOID:1612
17866,Compound::DB00445,TREATS,Disease::DOID:2531
17867,Compound::DB00594,TREATS,Disease::DOID:10763
17868,Compound::DB00443,TREATS,Disease::DOID:7148
17869,Compound::DB00361,TREATS,Disease::DOID:1612
17870,Compound::DB00881,TREATS,Disease::DOID:10763
17871,Compound::DB00635,TREATS,Disease::DOID:8577
17872,Compound::DB00503,TREATS,Disease::DOID:635
17873,Compound::DB01190,TREATS,Disease::DOID:12365
17874,Compound::DB00519,TREATS,Disease::DOID:3393
17875,Compound::DB00968,TREATS,Disease::DOID:10763
17876,Compound::DB00310,TREATS,Disease::DOID:10763
17877,Compound::DB00515,TREATS,Disease::DOID:11054
17878,Compound::DB01206,TREATS,Disease::DOID:1319
17879,Compound::DB00675,TREATS,Disease::DOID:1612
17880,Compound::DB01101,TREATS,Disease::DOID:10283
17881,Compound::DB00764,TREATS,Disease::DOID:418
17882,Compound::DB00635,TREATS,Disease::DOID:9074
17883,Compound::DB01042,TREATS,Disease::DOID:1612
17884,Compound::DB00851,TREATS,Disease::DOID:4159
17885,Compound::DB01217,TREATS,Disease::DOID:1612
17886,Compound::DB00795,TREATS,Disease::DOID:7147
17887,Compound::DB01076,TREATS,Disease::DOID:10763
17888,Compound::DB01346,TREATS,Disease::DOID:12365
17889,Compound::DB01001,TREATS,Disease::DOID:3083
17890,Compound::DB01097,TREATS,Disease::DOID:7148
17891,Compound::DB00350,TREATS,Disease::DOID:10763
17892,Compound::DB00290,TREATS,Disease::DOID:2531
17893,Compound::DB05294,TREATS,Disease::DOID:1781
17894,Compound::DB00549,TREATS,Disease::DOID:2841
17895,Compound::DB01254,TREATS,Disease::DOID:2531
17896,Compound::DB00563,TREATS,Disease::DOID:11054
17897,Compound::DB01105,TREATS,Disease::DOID:9970
17898,Compound::DB00853,TREATS,Disease::DOID:4159
17899,Compound::DB00347,TREATS,Disease::DOID:1826
17900,Compound::DB00678,TREATS,Disease::DOID:9352
17901,Compound::DB00920,TREATS,Disease::DOID:2841
17902,Compound::DB00188,TREATS,Disease::DOID:2531
17903,Compound::DB00661,TREATS,Disease::DOID:10763
17904,Compound::DB00703,TREATS,Disease::DOID:1686
17905,Compound::DB01222,TREATS,Disease::DOID:8577
17906,Compound::DB00575,TREATS,Disease::DOID:1686
17907,Compound::DB00884,TREATS,Disease::DOID:5408
17908,Compound::DB00584,TREATS,Disease::DOID:10763
17909,Compound::DB04574,TREATS,Disease::DOID:11476
17910,Compound::DB00959,TREATS,Disease::DOID:4481
17911,Compound::DB01016,TREATS,Disease::DOID:11714
17912,Compound::DB00620,TREATS,Disease::DOID:9008
17913,Compound::DB01250,TREATS,Disease::DOID:8577
17914,Compound::DB00220,TREATS,Disease::DOID:635
17915,Compound::DB00444,TREATS,Disease::DOID:1324
17916,Compound::DB00468,TREATS,Disease::DOID:12365
17917,Compound::DB00851,TREATS,Disease::DOID:1115
17918,Compound::DB00695,TREATS,Disease::DOID:3393
17919,Compound::DB00674,TREATS,Disease::DOID:10652
17920,Compound::DB00544,TREATS,Disease::DOID:11934
17921,Compound::DB01234,TREATS,Disease::DOID:8893
17922,Compound::DB00337,TREATS,Disease::DOID:3310
17923,Compound::DB00860,TREATS,Disease::DOID:3310
17924,Compound::DB05039,TREATS,Disease::DOID:2841
17925,Compound::DB00442,TREATS,Disease::DOID:2043
17926,Compound::DB00291,TREATS,Disease::DOID:2998
17927,Compound::DB00865,TREATS,Disease::DOID:9970
17928,Compound::DB00563,TREATS,Disease::DOID:7148
17929,Compound::DB00104,TREATS,Disease::DOID:3277
17930,Compound::DB04845,TREATS,Disease::DOID:1612
17931,Compound::DB01039,TREATS,Disease::DOID:3393
17932,Compound::DB00908,TREATS,Disease::DOID:12365
17933,Compound::DB00443,TREATS,Disease::DOID:2377
17934,Compound::DB00570,TREATS,Disease::DOID:1324
17935,Compound::DB06699,TREATS,Disease::DOID:10283
17936,Compound::DB01016,TREATS,Disease::DOID:9352
17937,Compound::DB01076,TREATS,Disease::DOID:3393
17938,Compound::DB01073,TREATS,Disease::DOID:0060073
17939,Compound::DB00983,TREATS,Disease::DOID:3083
17940,Compound::DB00530,TREATS,Disease::DOID:1793
17941,Compound::DB00287,TREATS,Disease::DOID:1686
17942,Compound::DB00519,TREATS,Disease::DOID:10763
17943,Compound::DB01083,TREATS,Disease::DOID:9970
17944,Compound::DB06218,TREATS,Disease::DOID:1826
17945,Compound::DB00722,TREATS,Disease::DOID:3393
17946,Compound::DB00434,TREATS,Disease::DOID:4481
17947,Compound::DB00541,TREATS,Disease::DOID:0060073
17948,Compound::DB01047,TREATS,Disease::DOID:8893
17949,Compound::DB01024,TREATS,Disease::DOID:8893
17950,Compound::DB00262,TREATS,Disease::DOID:1909
17951,Compound::DB00997,TREATS,Disease::DOID:1612
17952,Compound::DB01098,TREATS,Disease::DOID:1936
17953,Compound::DB00437,TREATS,Disease::DOID:13189
17954,Compound::DB00227,TREATS,Disease::DOID:3393
17955,Compound::DB04861,TREATS,Disease::DOID:10763
17956,Compound::DB00307,TREATS,Disease::DOID:2531
17957,Compound::DB06589,TREATS,Disease::DOID:263
17958,Compound::DB00762,TREATS,Disease::DOID:1612
17959,Compound::DB00284,TREATS,Disease::DOID:9352
17960,Compound::DB00481,TREATS,Disease::DOID:11476
17961,Compound::DB00958,TREATS,Disease::DOID:184
17962,Compound::DB00451,TREATS,Disease::DOID:1459
17963,Compound::DB01097,TREATS,Disease::DOID:418
17964,Compound::DB00993,TREATS,Disease::DOID:9074
17965,Compound::DB01601,TREATS,Disease::DOID:635
17966,Compound::DB00860,TREATS,Disease::DOID:7147
17967,Compound::DB01197,TREATS,Disease::DOID:3393
17968,Compound::DB00250,TREATS,Disease::DOID:1024
17969,Compound::DB01080,TREATS,Disease::DOID:1826
17970,Compound::DB01359,TREATS,Disease::DOID:3393
17971,Compound::DB00349,TREATS,Disease::DOID:1826
17972,Compound::DB00641,TREATS,Disease::DOID:1936
17973,Compound::DB00445,TREATS,Disease::DOID:2998
17974,Compound::DB00970,TREATS,Disease::DOID:2994
17975,Compound::DB00773,TREATS,Disease::DOID:363
17976,Compound::DB00741,TREATS,Disease::DOID:8893
17977,Compound::DB00853,TREATS,Disease::DOID:1909
17978,Compound::DB00563,TREATS,Disease::DOID:184
17979,Compound::DB00705,TREATS,Disease::DOID:635
17980,Compound::DB00997,TREATS,Disease::DOID:2394
17981,Compound::DB01144,TREATS,Disease::DOID:1686
17982,Compound::DB01210,TREATS,Disease::DOID:1686
17983,Compound::DB00741,TREATS,Disease::DOID:9074
17984,Compound::DB00970,TREATS,Disease::DOID:4159
17985,Compound::DB00254,TREATS,Disease::DOID:12365
17986,Compound::DB01043,TREATS,Disease::DOID:10652
17987,Compound::DB01234,TREATS,Disease::DOID:3310
17988,Compound::DB01241,TREATS,Disease::DOID:3393
17989,Compound::DB01014,TREATS,Disease::DOID:8577
17990,Compound::DB00570,TREATS,Disease::DOID:263
17991,Compound::DB01048,TREATS,Disease::DOID:635
17992,Compound::DB00495,TREATS,Disease::DOID:635
17993,Compound::DB01223,TREATS,Disease::DOID:3083
17994,Compound::DB01067,TREATS,Disease::DOID:9352
17995,Compound::DB01223,TREATS,Disease::DOID:2841
17996,Compound::DB00412,TREATS,Disease::DOID:9352
17997,Compound::DB00860,TREATS,Disease::DOID:9008
17998,Compound::DB01174,TREATS,Disease::DOID:1826
17999,Compound::DB00455,TREATS,Disease::DOID:2841
18000,Compound::DB01097,TREATS,Disease::DOID:9074
18001,Compound::DB05389,TREATS,Disease::DOID:2841
18002,Compound::DB00091,TREATS,Disease::DOID:7148
18003,Compound::DB01234,TREATS,Disease::DOID:2531
18004,Compound::DB01291,TREATS,Disease::DOID:2841
18005,Compound::DB01073,TREATS,Disease::DOID:2531
18006,Compound::DB00888,TREATS,Disease::DOID:0060073
18007,Compound::DB01206,TREATS,Disease::DOID:2531
18008,Compound::DB00731,TREATS,Disease::DOID:9352
18009,Compound::DB00635,TREATS,Disease::DOID:13189
18010,Compound::DB01032,TREATS,Disease::DOID:13189
18011,Compound::DB00384,TREATS,Disease::DOID:10763
18012,Compound::DB00471,TREATS,Disease::DOID:3083
18013,Compound::DB00843,TREATS,Disease::DOID:10652
18014,Compound::DB01394,TREATS,Disease::DOID:12236
18015,Compound::DB06201,TREATS,Disease::DOID:1826
18016,Compound::DB00457,TREATS,Disease::DOID:10763
18017,Compound::DB01577,TREATS,Disease::DOID:9970
18018,Compound::DB00317,TREATS,Disease::DOID:1324
18019,Compound::DB00945,TREATS,Disease::DOID:3393
18020,Compound::DB00773,TREATS,Disease::DOID:11054
18021,Compound::DB00321,TREATS,Disease::DOID:6364
18022,Compound::DB00619,TREATS,Disease::DOID:2531
18023,Compound::DB00588,TREATS,Disease::DOID:2841
18024,Compound::DB00136,TREATS,Disease::DOID:8893
18025,Compound::DB00722,TREATS,Disease::DOID:418
18026,Compound::DB00584,TREATS,Disease::DOID:3393
18027,Compound::DB00635,TREATS,Disease::DOID:8893
18028,Compound::DB04572,TREATS,Disease::DOID:11054
18029,Compound::DB00990,TREATS,Disease::DOID:1612
18030,Compound::DB00397,TREATS,Disease::DOID:9970
18031,Compound::DB00541,TREATS,Disease::DOID:4045
18032,Compound::DB00788,TREATS,Disease::DOID:13189
18033,Compound::DB00860,TREATS,Disease::DOID:8577
18034,Compound::DB00136,TREATS,Disease::DOID:11476
18035,Compound::DB01033,TREATS,Disease::DOID:8577
18036,Compound::DB00343,TREATS,Disease::DOID:10763
18037,Compound::DB00997,TREATS,Disease::DOID:10283
18038,Compound::DB01085,TREATS,Disease::DOID:1686
18039,Compound::DB00790,TREATS,Disease::DOID:3393
18040,Compound::DB00722,TREATS,Disease::DOID:10763
18041,Compound::DB01041,TREATS,Disease::DOID:1024
18042,Compound::DB00993,TREATS,Disease::DOID:2377
18043,Compound::DB00178,TREATS,Disease::DOID:3393
18044,Compound::DB01234,TREATS,Disease::DOID:7148
18045,Compound::DB00445,TREATS,Disease::DOID:1192
18046,Compound::DB00563,TREATS,Disease::DOID:2994
18047,Compound::DB00571,TREATS,Disease::DOID:10763
18048,Compound::DB01248,TREATS,Disease::DOID:1793
18049,Compound::DB01248,TREATS,Disease::DOID:2394
18050,Compound::DB01248,TREATS,Disease::DOID:10283
18051,Compound::DB00445,TREATS,Disease::DOID:363
18052,Compound::DB00443,TREATS,Disease::DOID:9074
18053,Compound::DB00987,TREATS,Disease::DOID:0060073
18054,Compound::DB00542,TREATS,Disease::DOID:10763
18055,Compound::DB00014,TREATS,Disease::DOID:1612
18056,Compound::DB01128,TREATS,Disease::DOID:10283
18057,Compound::DB00373,TREATS,Disease::DOID:1686
18058,Compound::DB01033,TREATS,Disease::DOID:2531
18059,Compound::DB01101,TREATS,Disease::DOID:219
18060,Compound::DB01077,TREATS,Disease::DOID:11476
18061,Compound::DB01248,TREATS,Disease::DOID:11934
18062,Compound::DB00523,TREATS,Disease::DOID:2531
18063,Compound::DB00995,TREATS,Disease::DOID:7148
18064,Compound::DB00635,TREATS,Disease::DOID:7147
18065,Compound::DB00796,TREATS,Disease::DOID:10763
18066,Compound::DB00398,TREATS,Disease::DOID:3571
18067,Compound::DB00635,TREATS,Disease::DOID:2377
18068,Compound::DB08882,TREATS,Disease::DOID:9352
18069,Compound::DB00997,TREATS,Disease::DOID:11054
18070,Compound::DB06697,TREATS,Disease::DOID:12365
18071,Compound::DB01030,TREATS,Disease::DOID:4362
18072,Compound::DB00806,TREATS,Disease::DOID:12365
18073,Compound::DB00819,TREATS,Disease::DOID:1826
18074,Compound::DB00740,TREATS,Disease::DOID:332
18075,Compound::DB00683,TREATS,Disease::DOID:1826
18076,Compound::DB00553,TREATS,Disease::DOID:12306
18077,Compound::DB01030,TREATS,Disease::DOID:2394
18078,Compound::DB06772,TREATS,Disease::DOID:10283
18079,Compound::DB01083,TREATS,Disease::DOID:9352
18080,Compound::DB00790,TREATS,Disease::DOID:10763
18081,Compound::DB00153,TREATS,Disease::DOID:11476
18082,Compound::DB00515,TREATS,Disease::DOID:184
18083,Compound::DB00966,TREATS,Disease::DOID:10763
18084,Compound::DB00903,TREATS,Disease::DOID:10763
18085,Compound::DB00709,TREATS,Disease::DOID:635
18086,Compound::DB00818,TREATS,Disease::DOID:1826
18087,Compound::DB00361,TREATS,Disease::DOID:1324
18088,Compound::DB00459,TREATS,Disease::DOID:8893
18089,Compound::DB01234,TREATS,Disease::DOID:4481
18090,Compound::DB00411,TREATS,Disease::DOID:1686
18091,Compound::DB00221,TREATS,Disease::DOID:2841
18092,Compound::DB00806,TREATS,Disease::DOID:418
18093,Compound::DB00262,TREATS,Disease::DOID:2531
18094,Compound::DB00959,TREATS,Disease::DOID:9074
18095,Compound::DB00590,TREATS,Disease::DOID:10763
18096,Compound::DB01229,TREATS,Disease::DOID:1612
18097,Compound::DB00509,TREATS,Disease::DOID:1459
18098,Compound::DB00563,TREATS,Disease::DOID:219
18099,Compound::DB00530,TREATS,Disease::DOID:263
18100,Compound::DB00993,TREATS,Disease::DOID:8778
18101,Compound::DB01018,TREATS,Disease::DOID:10763
18102,Compound::DB01042,TREATS,Disease::DOID:2394
18103,Compound::DB00996,TREATS,Disease::DOID:1826
18104,Compound::DB00620,TREATS,Disease::DOID:2841
18105,Compound::DB00999,TREATS,Disease::DOID:585
18106,Compound::DB00744,TREATS,Disease::DOID:2841
18107,Compound::DB00524,TREATS,Disease::DOID:10763
18108,Compound::DB00741,TREATS,Disease::DOID:13189
18109,Compound::DB01268,TREATS,Disease::DOID:263
18110,Compound::DB00238,TREATS,Disease::DOID:635
18111,Compound::DB00795,TREATS,Disease::DOID:7148
18112,Compound::DB01229,TREATS,Disease::DOID:2394
18113,Compound::DB00700,TREATS,Disease::DOID:10763
18114,Compound::DB00373,TREATS,Disease::DOID:10763
18115,Compound::DB00859,TREATS,Disease::DOID:7148
18116,Compound::DB00860,TREATS,Disease::DOID:13189
18117,Compound::DB00273,TREATS,Disease::DOID:6364
18118,Compound::DB00724,TREATS,Disease::DOID:4159
18119,Compound::DB00515,TREATS,Disease::DOID:5041
18120,Compound::DB04868,TREATS,Disease::DOID:2531
18121,Compound::DB00970,TREATS,Disease::DOID:1192
18122,Compound::DB01194,TREATS,Disease::DOID:1686
18123,Compound::DB00443,TREATS,Disease::DOID:8577
18124,Compound::DB00175,TREATS,Disease::DOID:1936
18125,Compound::DB00570,TREATS,Disease::DOID:1612
18126,Compound::DB00997,TREATS,Disease::DOID:2998
18127,Compound::DB00625,TREATS,Disease::DOID:635
18128,Compound::DB00635,TREATS,Disease::DOID:8778
18129,Compound::DB00184,TREATS,Disease::DOID:8577
18130,Compound::DB00704,TREATS,Disease::DOID:0050741
18131,Compound::DB00959,TREATS,Disease::DOID:13189
18132,Compound::DB00871,TREATS,Disease::DOID:2841
18133,Compound::DB00373,TREATS,Disease::DOID:3393
18134,Compound::DB00563,TREATS,Disease::DOID:5041
18135,Compound::DB00214,TREATS,Disease::DOID:10763
18136,Compound::DB00275,TREATS,Disease::DOID:10763
18137,Compound::DB00768,TREATS,Disease::DOID:4481
18138,Compound::DB00627,TREATS,Disease::DOID:1936
18139,Compound::DB00860,TREATS,Disease::DOID:7148
18140,Compound::DB00981,TREATS,Disease::DOID:1686
18141,Compound::DB00860,TREATS,Disease::DOID:9074
18142,Compound::DB01579,TREATS,Disease::DOID:9970
18143,Compound::DB00230,TREATS,Disease::DOID:1826
18144,Compound::DB00912,TREATS,Disease::DOID:9352
18145,Compound::DB00443,TREATS,Disease::DOID:3310
18146,Compound::DB01214,TREATS,Disease::DOID:1686
18147,Compound::DB00481,TREATS,Disease::DOID:1612
18148,Compound::DB00758,TREATS,Disease::DOID:3393
18149,Compound::DB01030,TREATS,Disease::DOID:1192
18150,Compound::DB01005,TREATS,Disease::DOID:8893
18151,Compound::DB00945,TREATS,Disease::DOID:13378
18152,Compound::DB00242,TREATS,Disease::DOID:2377
18153,Compound::DB00997,TREATS,Disease::DOID:4045
18154,Compound::DB00993,TREATS,Disease::DOID:7148
18155,Compound::DB00620,TREATS,Disease::DOID:2377
18156,Compound::DB01133,TREATS,Disease::DOID:5408
18157,Compound::DB01234,TREATS,Disease::DOID:8577
18158,Compound::DB01204,TREATS,Disease::DOID:0060073
18159,Compound::DB00175,TREATS,Disease::DOID:3393
18160,Compound::DB00515,TREATS,Disease::DOID:2531
18161,Compound::DB00598,TREATS,Disease::DOID:10763
18162,Compound::DB00959,TREATS,Disease::DOID:8577
18163,Compound::DB00445,TREATS,Disease::DOID:2394
18164,Compound::DB00794,TREATS,Disease::DOID:1826
18165,Compound::DB00273,TREATS,Disease::DOID:9970
18166,Compound::DB00499,TREATS,Disease::DOID:10283
18167,Compound::DB04572,TREATS,Disease::DOID:2531
18168,Compound::DB00282,TREATS,Disease::DOID:11476
18169,Compound::DB08866,TREATS,Disease::DOID:10283
18170,Compound::DB00541,TREATS,Disease::DOID:1192
18171,Compound::DB00887,TREATS,Disease::DOID:10763
18172,Compound::DB00970,TREATS,Disease::DOID:2998
18173,Compound::DB00635,TREATS,Disease::DOID:9008
18174,Compound::DB00361,TREATS,Disease::DOID:2394
18175,Compound::DB00564,TREATS,Disease::DOID:1826
18176,Compound::DB00967,TREATS,Disease::DOID:4481
18177,Compound::DB00695,TREATS,Disease::DOID:10763
18178,Compound::DB00399,TREATS,Disease::DOID:5408
18179,Compound::DB00741,TREATS,Disease::DOID:8577
18180,Compound::DB00620,TREATS,Disease::DOID:986
18181,Compound::DB00996,TREATS,Disease::DOID:6364
18182,Compound::DB00853,TREATS,Disease::DOID:1319
18183,Compound::DB00332,TREATS,Disease::DOID:2841
18184,Compound::DB00424,TREATS,Disease::DOID:4989
18185,Compound::DB00455,TREATS,Disease::DOID:4481
18186,Compound::DB00829,TREATS,Disease::DOID:1826
18187,Compound::DB00445,TREATS,Disease::DOID:1612
18188,Compound::DB00822,TREATS,Disease::DOID:0050741
18189,Compound::DB01033,TREATS,Disease::DOID:8778
18190,Compound::DB01248,TREATS,Disease::DOID:10534
18191,Compound::DB00180,TREATS,Disease::DOID:4481
18192,Compound::DB00252,TREATS,Disease::DOID:1826
18193,Compound::DB00997,TREATS,Disease::DOID:3571
18194,Compound::DB01042,TREATS,Disease::DOID:1192
18195,Compound::DB00959,TREATS,Disease::DOID:2377
18196,Compound::DB01351,TREATS,Disease::DOID:1826
18197,Compound::DB01193,TREATS,Disease::DOID:10763
18198,Compound::DB00443,TREATS,Disease::DOID:2841
18199,Compound::DB00381,TREATS,Disease::DOID:10763
18200,Compound::DB00657,TREATS,Disease::DOID:10763
18201,Compound::DB00570,TREATS,Disease::DOID:2994
18202,Compound::DB01359,TREATS,Disease::DOID:10763
18203,Compound::DB00445,TREATS,Disease::DOID:184
18204,Compound::DB08906,TREATS,Disease::DOID:2841
18205,Compound::DB00541,TREATS,Disease::DOID:219
18206,Compound::DB00694,TREATS,Disease::DOID:2531
18207,Compound::DB00471,TREATS,Disease::DOID:4481
18208,Compound::DB00635,TREATS,Disease::DOID:7148
18209,Compound::DB00544,TREATS,Disease::DOID:4159
18210,Compound::DB00860,TREATS,Disease::DOID:2377
18211,Compound::DB00445,TREATS,Disease::DOID:11054
18212,Compound::DB01234,TREATS,Disease::DOID:2377
18213,Compound::DB01168,TREATS,Disease::DOID:1319
18214,Compound::DB00282,TREATS,Disease::DOID:5408
18215,Compound::DB00783,TREATS,Disease::DOID:11476
18216,Compound::DB00816,TREATS,Disease::DOID:2841
18217,Compound::DB00860,TREATS,Disease::DOID:8893
18218,Compound::DB01265,TREATS,Disease::DOID:2043
18219,Compound::DB01030,TREATS,Disease::DOID:1324
18220,Compound::DB01101,TREATS,Disease::DOID:5041
18221,Compound::DB00603,TREATS,Disease::DOID:363
61715,Compound::DB01175,PALLIATES,Disease::DOID:3312
61716,Compound::DB00321,PALLIATES,Disease::DOID:7148
61717,Compound::DB00176,PALLIATES,Disease::DOID:594
61718,Compound::DB01037,PALLIATES,Disease::DOID:10652
61719,Compound::DB00945,PALLIATES,Disease::DOID:9074
61720,Compound::DB01100,PALLIATES,Disease::DOID:11119
61721,Compound::DB00328,PALLIATES,Disease::DOID:7147
61722,Compound::DB00218,PALLIATES,Disease::DOID:3083
61723,Compound::DB00989,PALLIATES,Disease::DOID:14330
61724,Compound::DB00203,PALLIATES,Disease::DOID:418
61725,Compound::DB00500,PALLIATES,Disease::DOID:8398
61726,Compound::DB01224,PALLIATES,Disease::DOID:12849
61727,Compound::DB01104,PALLIATES,Disease::DOID:5419
61728,Compound::DB00996,PALLIATES,Disease::DOID:9074
61729,Compound::DB01175,PALLIATES,Disease::DOID:1595
61730,Compound::DB00104,PALLIATES,Disease::DOID:4989
61731,Compound::DB00741,PALLIATES,Disease::DOID:263
61732,Compound::DB01267,PALLIATES,Disease::DOID:5419
61733,Compound::DB01068,PALLIATES,Disease::DOID:14330
61734,Compound::DB01200,PALLIATES,Disease::DOID:14330
61735,Compound::DB00692,PALLIATES,Disease::DOID:10763
61736,Compound::DB00402,PALLIATES,Disease::DOID:2377
61737,Compound::DB00810,PALLIATES,Disease::DOID:14330
61738,Compound::DB01063,PALLIATES,Disease::DOID:5419
61739,Compound::DB01255,PALLIATES,Disease::DOID:1094
61740,Compound::DB00215,PALLIATES,Disease::DOID:1595
61741,Compound::DB00230,PALLIATES,Disease::DOID:9074
61742,Compound::DB00500,PALLIATES,Disease::DOID:7148
61743,Compound::DB00980,PALLIATES,Disease::DOID:14330
61744,Compound::DB00281,PALLIATES,Disease::DOID:3393
61745,Compound::DB00404,PALLIATES,Disease::DOID:594
61746,Compound::DB00402,PALLIATES,Disease::DOID:5419
61747,Compound::DB01001,PALLIATES,Disease::DOID:4481
61748,Compound::DB00985,PALLIATES,Disease::DOID:5419
61749,Compound::DB01224,PALLIATES,Disease::DOID:3312
61750,Compound::DB00829,PALLIATES,Disease::DOID:594
61751,Compound::DB00540,PALLIATES,Disease::DOID:1094
61752,Compound::DB01149,PALLIATES,Disease::DOID:1595
61753,Compound::DB00554,PALLIATES,Disease::DOID:8398
61754,Compound::DB00860,PALLIATES,Disease::DOID:0050156
61755,Compound::DB00169,PALLIATES,Disease::DOID:784
61756,Compound::DB01037,PALLIATES,Disease::DOID:1595
61757,Compound::DB01156,PALLIATES,Disease::DOID:1094
61758,Compound::DB00334,PALLIATES,Disease::DOID:11119
61759,Compound::DB00443,PALLIATES,Disease::DOID:1319
61760,Compound::DB00482,PALLIATES,Disease::DOID:8398
61761,Compound::DB00537,PALLIATES,Disease::DOID:3083
61762,Compound::DB00742,PALLIATES,Disease::DOID:1686
61763,Compound::DB01166,PALLIATES,Disease::DOID:418
61764,Compound::DB00813,PALLIATES,Disease::DOID:10283
61765,Compound::DB00477,PALLIATES,Disease::DOID:12995
61766,Compound::DB00715,PALLIATES,Disease::DOID:594
61767,Compound::DB00214,PALLIATES,Disease::DOID:784
61768,Compound::DB00458,PALLIATES,Disease::DOID:1094
61769,Compound::DB00924,PALLIATES,Disease::DOID:8398
61770,Compound::DB00915,PALLIATES,Disease::DOID:14330
61771,Compound::DB01356,PALLIATES,Disease::DOID:5419
61772,Compound::DB00246,PALLIATES,Disease::DOID:3312
61773,Compound::DB01115,PALLIATES,Disease::DOID:418
61774,Compound::DB01009,PALLIATES,Disease::DOID:8398
61775,Compound::DB00554,PALLIATES,Disease::DOID:7148
61776,Compound::DB00673,PALLIATES,Disease::DOID:219
61777,Compound::DB00245,PALLIATES,Disease::DOID:10652
61778,Compound::DB00572,PALLIATES,Disease::DOID:8778
61779,Compound::DB00443,PALLIATES,Disease::DOID:1612
61780,Compound::DB00977,PALLIATES,Disease::DOID:1612
61781,Compound::DB00514,PALLIATES,Disease::DOID:2377
61782,Compound::DB00736,PALLIATES,Disease::DOID:5041
61783,Compound::DB00289,PALLIATES,Disease::DOID:12849
61784,Compound::DB00273,PALLIATES,Disease::DOID:3312
61785,Compound::DB00727,PALLIATES,Disease::DOID:3393
61786,Compound::DB00776,PALLIATES,Disease::DOID:3312
61787,Compound::DB00945,PALLIATES,Disease::DOID:7148
61788,Compound::DB01156,PALLIATES,Disease::DOID:594
61789,Compound::DB00472,PALLIATES,Disease::DOID:594
61790,Compound::DB00334,PALLIATES,Disease::DOID:594
61791,Compound::DB00788,PALLIATES,Disease::DOID:6364
61792,Compound::DB00482,PALLIATES,Disease::DOID:9074
61793,Compound::DB00241,PALLIATES,Disease::DOID:6364
61794,Compound::DB00903,PALLIATES,Disease::DOID:784
61795,Compound::DB01165,PALLIATES,Disease::DOID:3083
61796,Compound::DB00736,PALLIATES,Disease::DOID:10283
61797,Compound::DB00315,PALLIATES,Disease::DOID:6364
61798,Compound::DB00281,PALLIATES,Disease::DOID:8398
61799,Compound::DB00316,PALLIATES,Disease::DOID:6364
61800,Compound::DB00734,PALLIATES,Disease::DOID:12995
61801,Compound::DB00555,PALLIATES,Disease::DOID:3312
61802,Compound::DB00363,PALLIATES,Disease::DOID:5419
61803,Compound::DB00977,PALLIATES,Disease::DOID:11612
61804,Compound::DB00433,PALLIATES,Disease::DOID:1612
61805,Compound::DB01043,PALLIATES,Disease::DOID:14330
61806,Compound::DB00477,PALLIATES,Disease::DOID:3312
61807,Compound::DB00635,PALLIATES,Disease::DOID:8398
61808,Compound::DB01219,PALLIATES,Disease::DOID:2377
61809,Compound::DB00461,PALLIATES,Disease::DOID:7148
61810,Compound::DB01397,PALLIATES,Disease::DOID:8893
61811,Compound::DB00353,PALLIATES,Disease::DOID:6364
61812,Compound::DB00443,PALLIATES,Disease::DOID:219
61813,Compound::DB00736,PALLIATES,Disease::DOID:263
61814,Compound::DB00289,PALLIATES,Disease::DOID:1094
61815,Compound::DB00656,PALLIATES,Disease::DOID:5419
61816,Compound::DB00313,PALLIATES,Disease::DOID:1595
61817,Compound::DB01012,PALLIATES,Disease::DOID:784
61818,Compound::DB00673,PALLIATES,Disease::DOID:1612
61819,Compound::DB01137,PALLIATES,Disease::DOID:3083
61820,Compound::DB00712,PALLIATES,Disease::DOID:8398
61821,Compound::DB00814,PALLIATES,Disease::DOID:418
61822,Compound::DB00476,PALLIATES,Disease::DOID:3312
61823,Compound::DB00367,PALLIATES,Disease::DOID:11612
61824,Compound::DB00586,PALLIATES,Disease::DOID:7148
61825,Compound::DB00422,PALLIATES,Disease::DOID:1094
61826,Compound::DB00245,PALLIATES,Disease::DOID:14330
61827,Compound::DB01085,PALLIATES,Disease::DOID:11934
61828,Compound::DB00776,PALLIATES,Disease::DOID:2377
61829,Compound::DB00193,PALLIATES,Disease::DOID:0050425
61830,Compound::DB00351,PALLIATES,Disease::DOID:1612
61831,Compound::DB00482,PALLIATES,Disease::DOID:219
61832,Compound::DB01018,PALLIATES,Disease::DOID:1094
61833,Compound::DB06684,PALLIATES,Disease::DOID:1595
61834,Compound::DB00715,PALLIATES,Disease::DOID:3312
61835,Compound::DB00707,PALLIATES,Disease::DOID:5041
61836,Compound::DB00408,PALLIATES,Disease::DOID:5419
61837,Compound::DB00268,PALLIATES,Disease::DOID:0050425
61838,Compound::DB00190,PALLIATES,Disease::DOID:0050425
61839,Compound::DB01020,PALLIATES,Disease::DOID:3393
61840,Compound::DB00829,PALLIATES,Disease::DOID:2377
61841,Compound::DB01186,PALLIATES,Disease::DOID:14330
61842,Compound::DB00813,PALLIATES,Disease::DOID:1324
61843,Compound::DB00575,PALLIATES,Disease::DOID:1094
61844,Compound::DB00268,PALLIATES,Disease::DOID:10652
61845,Compound::DB00952,PALLIATES,Disease::DOID:6364
61846,Compound::DB00313,PALLIATES,Disease::DOID:5419
61847,Compound::DB01198,PALLIATES,Disease::DOID:5419
61848,Compound::DB00254,PALLIATES,Disease::DOID:3083
61849,Compound::DB00635,PALLIATES,Disease::DOID:6364
61850,Compound::DB01401,PALLIATES,Disease::DOID:8893
61851,Compound::DB01233,PALLIATES,Disease::DOID:10283
61852,Compound::DB00458,PALLIATES,Disease::DOID:594
61853,Compound::DB00540,PALLIATES,Disease::DOID:1595
61854,Compound::DB00286,PALLIATES,Disease::DOID:1612
61855,Compound::DB00734,PALLIATES,Disease::DOID:5419
61856,Compound::DB00475,PALLIATES,Disease::DOID:0050741
61857,Compound::DB00996,PALLIATES,Disease::DOID:3312
61858,Compound::DB01399,PALLIATES,Disease::DOID:7148
61859,Compound::DB00904,PALLIATES,Disease::DOID:0050741
61860,Compound::DB00797,PALLIATES,Disease::DOID:418
61861,Compound::DB00363,PALLIATES,Disease::DOID:3312
61862,Compound::DB00316,PALLIATES,Disease::DOID:8398
61863,Compound::DB00321,PALLIATES,Disease::DOID:1595
61864,Compound::DB00458,PALLIATES,Disease::DOID:1595
61865,Compound::DB00295,PALLIATES,Disease::DOID:3393
61866,Compound::DB00586,PALLIATES,Disease::DOID:418
61867,Compound::DB01142,PALLIATES,Disease::DOID:3310
61868,Compound::DB01296,PALLIATES,Disease::DOID:8398
61869,Compound::DB00575,PALLIATES,Disease::DOID:11119
61870,Compound::DB00461,PALLIATES,Disease::DOID:8398
61871,Compound::DB00472,PALLIATES,Disease::DOID:5419
61872,Compound::DB00281,PALLIATES,Disease::DOID:7148
61873,Compound::DB00338,PALLIATES,Disease::DOID:5041
61874,Compound::DB01398,PALLIATES,Disease::DOID:8893
61875,Compound::DB01576,PALLIATES,Disease::DOID:8986
61876,Compound::DB00814,PALLIATES,Disease::DOID:9074
61877,Compound::DB00991,PALLIATES,Disease::DOID:7148
61878,Compound::DB00201,PALLIATES,Disease::DOID:6364
61879,Compound::DB00190,PALLIATES,Disease::DOID:14330
61880,Compound::DB01075,PALLIATES,Disease::DOID:14330
61881,Compound::DB00910,PALLIATES,Disease::DOID:784
61882,Compound::DB00321,PALLIATES,Disease::DOID:9074
61883,Compound::DB01364,PALLIATES,Disease::DOID:4481
61884,Compound::DB00679,PALLIATES,Disease::DOID:5419
61885,Compound::DB01068,PALLIATES,Disease::DOID:5419
61886,Compound::DB00624,PALLIATES,Disease::DOID:1612
61887,Compound::DB00182,PALLIATES,Disease::DOID:8986
61888,Compound::DB01427,PALLIATES,Disease::DOID:12930
61889,Compound::DB00281,PALLIATES,Disease::DOID:418
61890,Compound::DB00575,PALLIATES,Disease::DOID:0050425
61891,Compound::DB00427,PALLIATES,Disease::DOID:3310
61892,Compound::DB01240,PALLIATES,Disease::DOID:418
61893,Compound::DB00734,PALLIATES,Disease::DOID:3312
61894,Compound::DB00656,PALLIATES,Disease::DOID:1595
61895,Compound::DB00945,PALLIATES,Disease::DOID:13189
61896,Compound::DB01367,PALLIATES,Disease::DOID:14330
61897,Compound::DB00861,PALLIATES,Disease::DOID:8398
61898,Compound::DB01440,PALLIATES,Disease::DOID:8986
61899,Compound::DB00540,PALLIATES,Disease::DOID:594
61900,Compound::DB00320,PALLIATES,Disease::DOID:6364
61901,Compound::DB00936,PALLIATES,Disease::DOID:8893
61902,Compound::DB00404,PALLIATES,Disease::DOID:418
61903,Compound::DB00934,PALLIATES,Disease::DOID:594
61904,Compound::DB00184,PALLIATES,Disease::DOID:0050742
61905,Compound::DB00104,PALLIATES,Disease::DOID:9744
61906,Compound::DB06710,PALLIATES,Disease::DOID:1612
61907,Compound::DB01238,PALLIATES,Disease::DOID:3312
61908,Compound::DB00996,PALLIATES,Disease::DOID:2377
61909,Compound::DB00514,PALLIATES,Disease::DOID:332
61910,Compound::DB00741,PALLIATES,Disease::DOID:10283
61911,Compound::DB00788,PALLIATES,Disease::DOID:8398
61912,Compound::DB01395,PALLIATES,Disease::DOID:11612
61913,Compound::DB00248,PALLIATES,Disease::DOID:14330
61914,Compound::DB00387,PALLIATES,Disease::DOID:14330
61915,Compound::DB00924,PALLIATES,Disease::DOID:6364
61916,Compound::DB00482,PALLIATES,Disease::DOID:2531
61917,Compound::DB00959,PALLIATES,Disease::DOID:1319
61918,Compound::DB01037,PALLIATES,Disease::DOID:14330
61919,Compound::DB00814,PALLIATES,Disease::DOID:7147
61920,Compound::DB00745,PALLIATES,Disease::DOID:8986
61921,Compound::DB00861,PALLIATES,Disease::DOID:7148
61922,Compound::DB01435,PALLIATES,Disease::DOID:6364
61923,Compound::DB00338,PALLIATES,Disease::DOID:418
61924,Compound::DB00334,PALLIATES,Disease::DOID:3312
61925,Compound::DB01173,PALLIATES,Disease::DOID:6364
61926,Compound::DB01242,PALLIATES,Disease::DOID:594
61927,Compound::DB00668,PALLIATES,Disease::DOID:2841
61928,Compound::DB00600,PALLIATES,Disease::DOID:12306
61929,Compound::DB00697,PALLIATES,Disease::DOID:2377
61930,Compound::DB00215,PALLIATES,Disease::DOID:3312
61931,Compound::DB00717,PALLIATES,Disease::DOID:11612
61932,Compound::DB01119,PALLIATES,Disease::DOID:10763
61933,Compound::DB00657,PALLIATES,Disease::DOID:11119
61934,Compound::DB01224,PALLIATES,Disease::DOID:10652
61935,Compound::DB00482,PALLIATES,Disease::DOID:7148
61936,Compound::DB00564,PALLIATES,Disease::DOID:2377
61937,Compound::DB00500,PALLIATES,Disease::DOID:7147
61938,Compound::DB00623,PALLIATES,Disease::DOID:5419
61939,Compound::DB00820,PALLIATES,Disease::DOID:418
61940,Compound::DB00668,PALLIATES,Disease::DOID:4481
61941,Compound::DB00258,PALLIATES,Disease::DOID:784
61942,Compound::DB00413,PALLIATES,Disease::DOID:0050425
61943,Compound::DB00424,PALLIATES,Disease::DOID:14330
61944,Compound::DB00424,PALLIATES,Disease::DOID:8778
61945,Compound::DB00203,PALLIATES,Disease::DOID:9744
61946,Compound::DB00343,PALLIATES,Disease::DOID:3393
61947,Compound::DB00186,PALLIATES,Disease::DOID:594
61948,Compound::DB00285,PALLIATES,Disease::DOID:1094
61949,Compound::DB00540,PALLIATES,Disease::DOID:2377
61950,Compound::DB01233,PALLIATES,Disease::DOID:6364
61951,Compound::DB00706,PALLIATES,Disease::DOID:10283
61952,Compound::DB00304,PALLIATES,Disease::DOID:11612
61953,Compound::DB00230,PALLIATES,Disease::DOID:2377
61954,Compound::DB01068,PALLIATES,Disease::DOID:12849
61955,Compound::DB00814,PALLIATES,Disease::DOID:8398
61956,Compound::DB00502,PALLIATES,Disease::DOID:10652
61957,Compound::DB00321,PALLIATES,Disease::DOID:2377
61958,Compound::DB00668,PALLIATES,Disease::DOID:1686
61959,Compound::DB00502,PALLIATES,Disease::DOID:11119
61960,Compound::DB08866,PALLIATES,Disease::DOID:1612
61961,Compound::DB01104,PALLIATES,Disease::DOID:12849
61962,Compound::DB00245,PALLIATES,Disease::DOID:12849
61963,Compound::DB00490,PALLIATES,Disease::DOID:594
61964,Compound::DB00176,PALLIATES,Disease::DOID:1595
61965,Compound::DB01075,PALLIATES,Disease::DOID:5419
61966,Compound::DB00975,PALLIATES,Disease::DOID:3393
61967,Compound::DB00443,PALLIATES,Disease::DOID:10283
61968,Compound::DB00852,PALLIATES,Disease::DOID:4481
61969,Compound::DB01234,PALLIATES,Disease::DOID:1612
61970,Compound::DB00413,PALLIATES,Disease::DOID:14330
61971,Compound::DB00245,PALLIATES,Disease::DOID:5419
61972,Compound::DB00620,PALLIATES,Disease::DOID:1319
61973,Compound::DB00749,PALLIATES,Disease::DOID:8398
61974,Compound::DB00230,PALLIATES,Disease::DOID:0050425
61975,Compound::DB01233,PALLIATES,Disease::DOID:418
61976,Compound::DB01234,PALLIATES,Disease::DOID:219
61977,Compound::DB00906,PALLIATES,Disease::DOID:3312
61978,Compound::DB00945,PALLIATES,Disease::DOID:6364
61979,Compound::DB00746,PALLIATES,Disease::DOID:784
61980,Compound::DB00745,PALLIATES,Disease::DOID:1094
61981,Compound::DB00476,PALLIATES,Disease::DOID:1595
61982,Compound::DB00788,PALLIATES,Disease::DOID:9074
61983,Compound::DB01420,PALLIATES,Disease::DOID:1612
61984,Compound::DB00883,PALLIATES,Disease::DOID:3393
61985,Compound::DB01401,PALLIATES,Disease::DOID:7148
61986,Compound::DB00915,PALLIATES,Disease::DOID:2377
61987,Compound::DB00945,PALLIATES,Disease::DOID:8398
61988,Compound::DB00621,PALLIATES,Disease::DOID:11476
61989,Compound::DB00696,PALLIATES,Disease::DOID:6364
61990,Compound::DB00136,PALLIATES,Disease::DOID:784
61991,Compound::DB00714,PALLIATES,Disease::DOID:14330
61992,Compound::DB05271,PALLIATES,Disease::DOID:14330
61993,Compound::DB00338,PALLIATES,Disease::DOID:263
61994,Compound::DB00482,PALLIATES,Disease::DOID:263
61995,Compound::DB01068,PALLIATES,Disease::DOID:2377
61996,Compound::DB00935,PALLIATES,Disease::DOID:4481
61997,Compound::DB00376,PALLIATES,Disease::DOID:14330
61998,Compound::DB00734,PALLIATES,Disease::DOID:11119
61999,Compound::DB00334,PALLIATES,Disease::DOID:5419
62000,Compound::DB00918,PALLIATES,Disease::DOID:6364
62001,Compound::DB01235,PALLIATES,Disease::DOID:14330
62002,Compound::DB00695,PALLIATES,Disease::DOID:784
62003,Compound::DB00734,PALLIATES,Disease::DOID:12849
62004,Compound::DB00564,PALLIATES,Disease::DOID:0050425
62005,Compound::DB01394,PALLIATES,Disease::DOID:418
62006,Compound::DB00850,PALLIATES,Disease::DOID:11119
62007,Compound::DB01235,PALLIATES,Disease::DOID:0050425
62008,Compound::DB00603,PALLIATES,Disease::DOID:1612
62009,Compound::DB00814,PALLIATES,Disease::DOID:7148
62010,Compound::DB01151,PALLIATES,Disease::DOID:1094
62011,Compound::DB01068,PALLIATES,Disease::DOID:0050425
62012,Compound::DB00586,PALLIATES,Disease::DOID:7147
62013,Compound::DB01577,PALLIATES,Disease::DOID:8986
62014,Compound::DB00788,PALLIATES,Disease::DOID:7148
62015,Compound::DB00425,PALLIATES,Disease::DOID:2377
62016,Compound::DB00390,PALLIATES,Disease::DOID:3393
62017,Compound::DB06637,PALLIATES,Disease::DOID:2377
62018,Compound::DB00494,PALLIATES,Disease::DOID:14330
62019,Compound::DB01234,PALLIATES,Disease::DOID:1319
62020,Compound::DB00182,PALLIATES,Disease::DOID:1094
62021,Compound::DB01577,PALLIATES,Disease::DOID:1094
62022,Compound::DB00502,PALLIATES,Disease::DOID:12995
62023,Compound::DB01364,PALLIATES,Disease::DOID:2841
62024,Compound::DB00381,PALLIATES,Disease::DOID:3393
62025,Compound::DB00996,PALLIATES,Disease::DOID:7148
62026,Compound::DB01589,PALLIATES,Disease::DOID:2377
62027,Compound::DB00573,PALLIATES,Disease::DOID:8398
62028,Compound::DB01238,PALLIATES,Disease::DOID:12849
62029,Compound::DB00477,PALLIATES,Disease::DOID:5419
62030,Compound::DB00328,PALLIATES,Disease::DOID:8398
62031,Compound::DB01247,PALLIATES,Disease::DOID:594
62032,Compound::DB00697,PALLIATES,Disease::DOID:6364
62033,Compound::DB00181,PALLIATES,Disease::DOID:2377
62034,Compound::DB00852,PALLIATES,Disease::DOID:2841
62035,Compound::DB00605,PALLIATES,Disease::DOID:8398
62036,Compound::DB01186,PALLIATES,Disease::DOID:11119
62037,Compound::DB01068,PALLIATES,Disease::DOID:594
62038,Compound::DB00318,PALLIATES,Disease::DOID:8398
62039,Compound::DB01234,PALLIATES,Disease::DOID:263
62040,Compound::DB00555,PALLIATES,Disease::DOID:5419
62041,Compound::DB00831,PALLIATES,Disease::DOID:5419
62042,Compound::DB00959,PALLIATES,Disease::DOID:2531
62043,Compound::DB00564,PALLIATES,Disease::DOID:3312
62044,Compound::DB00215,PALLIATES,Disease::DOID:594
62045,Compound::DB00338,PALLIATES,Disease::DOID:10283
62046,Compound::DB00715,PALLIATES,Disease::DOID:1595
62047,Compound::DB00996,PALLIATES,Disease::DOID:14330
62048,Compound::DB00246,PALLIATES,Disease::DOID:5419
62049,Compound::DB00788,PALLIATES,Disease::DOID:7147
62050,Compound::DB01036,PALLIATES,Disease::DOID:2377
62051,Compound::DB00216,PALLIATES,Disease::DOID:6364
62052,Compound::DB00953,PALLIATES,Disease::DOID:6364
62053,Compound::DB00328,PALLIATES,Disease::DOID:6364
62054,Compound::DB01234,PALLIATES,Disease::DOID:10283
62055,Compound::DB00655,PALLIATES,Disease::DOID:1612
62056,Compound::DB01104,PALLIATES,Disease::DOID:594
62057,Compound::DB01623,PALLIATES,Disease::DOID:5419
62058,Compound::DB00285,PALLIATES,Disease::DOID:594
62059,Compound::DB00736,PALLIATES,Disease::DOID:418
62060,Compound::DB00482,PALLIATES,Disease::DOID:10283
62061,Compound::DB00323,PALLIATES,Disease::DOID:14330
62062,Compound::DB00443,PALLIATES,Disease::DOID:263
62063,Compound::DB00268,PALLIATES,Disease::DOID:14330
62064,Compound::DB01198,PALLIATES,Disease::DOID:2377
62065,Compound::DB01238,PALLIATES,Disease::DOID:1595
62066,Compound::DB00586,PALLIATES,Disease::DOID:6364
62067,Compound::DB00434,PALLIATES,Disease::DOID:5419
62068,Compound::DB00687,PALLIATES,Disease::DOID:14330
62069,Compound::DB01115,PALLIATES,Disease::DOID:3393
62070,Compound::DB06151,PALLIATES,Disease::DOID:3083
62071,Compound::DB00390,PALLIATES,Disease::DOID:12930
62072,Compound::DB00959,PALLIATES,Disease::DOID:8398
62073,Compound::DB00434,PALLIATES,Disease::DOID:6364
62074,Compound::DB00575,PALLIATES,Disease::DOID:12849
62075,Compound::DB00656,PALLIATES,Disease::DOID:3312
62076,Compound::DB01050,PALLIATES,Disease::DOID:8398
62077,Compound::DB00328,PALLIATES,Disease::DOID:7148
62078,Compound::DB00482,PALLIATES,Disease::DOID:418
62079,Compound::DB00996,PALLIATES,Disease::DOID:0050425
62080,Compound::DB00203,PALLIATES,Disease::DOID:2377
62081,Compound::DB00669,PALLIATES,Disease::DOID:6364
62082,Compound::DB01104,PALLIATES,Disease::DOID:1595
62083,Compound::DB00745,PALLIATES,Disease::DOID:14330
62084,Compound::DB00991,PALLIATES,Disease::DOID:8398
62085,Compound::DB01238,PALLIATES,Disease::DOID:5419
62086,Compound::DB00572,PALLIATES,Disease::DOID:14330
62087,Compound::DB00482,PALLIATES,Disease::DOID:7147
62088,Compound::DB00104,PALLIATES,Disease::DOID:1793
62089,Compound::DB00502,PALLIATES,Disease::DOID:5419
62090,Compound::DB00745,PALLIATES,Disease::DOID:2377
62091,Compound::DB00933,PALLIATES,Disease::DOID:5419
62092,Compound::DB00122,PALLIATES,Disease::DOID:8398
62093,Compound::DB00246,PALLIATES,Disease::DOID:11119
62094,Compound::DB01591,PALLIATES,Disease::DOID:2377
62095,Compound::DB00998,PALLIATES,Disease::DOID:6364
62096,Compound::DB00554,PALLIATES,Disease::DOID:7147
62097,Compound::DB01224,PALLIATES,Disease::DOID:5419
62098,Compound::DB00586,PALLIATES,Disease::DOID:8398
62099,Compound::DB00783,PALLIATES,Disease::DOID:1612
62100,Compound::DB00313,PALLIATES,Disease::DOID:3312
62101,Compound::DB00564,PALLIATES,Disease::DOID:5419
62102,Compound::DB00887,PALLIATES,Disease::DOID:784
62103,Compound::DB01576,PALLIATES,Disease::DOID:1094
62104,Compound::DB01068,PALLIATES,Disease::DOID:3312
